<?xml version="1.0" encoding="UTF-8" standalone="yes"?>
<addon id="repository.nirepo"
       name=".::NIREPO::. Nir Elbaz Repository"
       version="0.0.1"
       provider-name="Nir Elbaz">
    <extension point="xbmc.addon.repository" name=".::NIREPO::. Nir Elbaz Repository">
        <info compressed="false">http://nirepo.nirelbaz.com/addons.xml</info>
        <checksum>http://nirepo.nirelbaz.com/addons.xml.md5</checksum>
        <datadir zip="true">http://nirepo.nirelbaz.com/</datadir>
    </extension>
    <extension point="xbmc.addon.metadata">
        <summary>.::NIREPO::. Nir Elbaz Repository</summary>
        <description>Collection of cool Kodi addons created by Nir Elbaz: 99FM radio station playlists, Kodcast - podcasts index, Library of Kodi tutorials and more!</description>
        <platform>all</platform>
    </extension>
</addon>
