<?xml version="1.0" encoding="UTF-8" standalone="yes"?>
<addon id="repository.megatron" name="[COLOR purple]Megatron Repo[/COLOR]" version="0.0.0.1" provider-name="[COLOR purple]Megatron[/COLOR]">
	<extension point="xbmc.addon.repository" name="[COLOR purple]Megatron Repo[/COLOR]">
		<info compressed="false">https://raw.githubusercontent.com/superfreakrepos/megatron/master/addons.xml</info>
		<checksum>https://raw.githubusercontent.com/superfreakrepos/megatron/master/addons.xml.md5</checksum>
		<datadir zip="true">https://raw.githubusercontent.com/superfreakrepos/megatron/master/</datadir>
	</extension>
	<extension point="xbmc.addon.metadata">
		<summary>Transform your TV</summary>
		<description></description>
		<platform>all</platform>
	</extension>
</addon>

