<?xml version="1.0" encoding="UTF-8" standalone="yes"?>
<addon 
    id="repository.xhaggi" 
    name="xhaggi's repository" 
    version="0.0.0.1" 
    provider-name="xhaggi">
    <requires>
        <import addon="xbmc.addon" version="12.0.0"/>
    </requires>
    <extension point="xbmc.addon.repository" name="xhaggi's addon repository">
        <dir minversion="15.9.0">
            <info compressed="false">https://raw.githubusercontent.com/xhaggi/kodi-addons/jarvis/addons.xml</info>
            <checksum>https://raw.githubusercontent.com/xhaggi/kodi-addons/jarvis/addons.xml.md5</checksum>
            <datadir zip="true">https://raw.githubusercontent.com/xhaggi/kodi-addons/jarvis/data/</datadir>
            <hashes>true</hashes>
        </dir>
    </extension>
    <extension point="xbmc.addon.metadata">
        <summary>xhaggi's addon repository</summary>
        <description>Unofficial kodi add-on repository.</description>
        <disclaimer></disclaimer>
        <platform>all</platform>
    </extension>
</addon>
