<?xml version="1.0" encoding="UTF-8" standalone="yes"?>
<addon id="repository.allsorts" name="[COLOR gold]-COMMUNITY-ALLSORTS-[/COLOR]" version="1.1" provider-name="[COLOR red]-THE-@COMMUNITY-REPO-TEAM[/COLOR]">

	<extension point="xbmc.addon.repository" name="The Community Repository">

		<info compressed="false">http://repo.cazwall.com/comwiz/TesterRepo/addons.xml</info>

		<checksum>http://repo.cazwall.com/comwiz/TesterRepo/addons.xml.md5</checksum>

		<datadir zip="true">http://repo.cazwall.com/comwiz/TesterRepo/</datadir>

	</extension>

	<extension point="xbmc.addon.metadata">

		<summary>[COLOR blue]-SOMETHING FOR EVERYONE-[/COLOR][COLOR lime]-Due to the nature of our content, we are not responsible for the content streamed to your device and neither do we condone piracy so you must satisfy yourself that either you or the sites accessed for streaming have the copyright agreements in place and are entitled to access this content.
We do not host or upload any video, films, media file, live streams (avi, mov, flv, mpg, mpeg, divx, dvd rip, mp3, mp4, mkv). the community repo team is not responsible for the accuracy, compliance, copyright, legality, decency, or any other aspect of the content of streamed from your device. If you have any legal issues please contact the appropriate media file owners or host sites.
We have no control over the links on any site that we provide a link to. If you see any form of infringements, please contact appropriate media file owners or host sites immediately-[/COLOR]</summary>

		<description>[COLOR lime]-FROM-THE-REAL-KODI-COMMUNITY-TO-THE-COMMUNITY(IF U PAYED FOR THIS DEMAND A REFUND AS THIS WILL ALWAYS BE FREE)IF U LIKE WHAT WE DO AND WOULD LIKE TO DONATE PLZ DONATE TO- CANCER RESEARCH - NSPCC -OR ANY OTHER CHARITY U THINK WORTHY THX THE COM REPO TEAM[/COLOR]</description>

		<platform>all</platform>

	</extension>

</addon>
