<?xml version="1.0" encoding="UTF-8" standalone="yes"?>
<addon id="repository.lin" name="LIN XBMC Add-ons" version="0.0.0.1" provider-name="lin">
	<extension point="xbmc.addon.repository" name="LIN XBMC Add-ons">
		<info compressed="false">http://linspb.us/xbmc/addons.xml</info>
		<checksum>http://linspb.us/xbmc/addons.xml.md5</checksum>
		<datadir zip="false">http://linspb.us/xbmc/</datadir>
	</extension>
	<extension point="xbmc.addon.metadata">
		<summary>Install Add-ons from lin Add-on Repository</summary>
		<description>Plug-ins for XBMC</description>
		<disclaimer>xxx</disclaimer>
		<platform>all</platform>
	</extension>
</addon>
