<?xml version="1.0" encoding="UTF-8" standalone="yes"?>
<addon id="repository.coldkeys" name="ColdKeys Repo" version="0.0.0.1" provider-name="husham.com">
	<extension point="xbmc.addon.repository" name="ColdKeys Repository">
		<info compressed="false">https://raw.githubusercontent.com/KodiColdkeys/coldkeys-addons/master/repository/addons.xml</info>
		<checksum>https://raw.githubusercontent.com/KodiColdkeys/coldkeys-addons/master/repository/addons.xml.md5</checksum>
		<datadir zip="true">https://raw.githubusercontent.com/KodiColdkeys/coldkeys-addons/master/zip</datadir>
	</extension>
	<extension point="xbmc.addon.metadata">
		<summary>The Husham.com Repo</summary>
		<description>Download and install addons from husham.com repo</description>
		<platform>all</platform>
	</extension>
</addon>

