<?xml version="1.0" encoding="UTF-8"?>
    <addon id="repository.TVEE" name="TVEE" version="1.0.0" provider-name="TVEE">
        <requires>
            <import addon="xbmc.addon" version="12.0.0"/>
        </requires>
        <extension point="xbmc.addon.repository" name="DOKITV.NL Repository">
            <info compressed="false">https://tveehosting.000webhostapp.com/repo/addons.xml</info>
            <checksum>https://tveehosting.000webhostapp.com/repo/addons.xml.md5</checksum>
            <datadir zip="true">https://tveehosting.000webhostapp.com/repo/</datadir>
            <hashes>false</hashes>
        </extension>
        <extension point="xbmc.addon.metadata">
            <summary>TVEE Repository</summary>
			<description></description>
			<disclaimer></disclaimer>
            <platform>all</platform>
    </extension>
</addon>