<?xml version="1.0" encoding="UTF-8" standalone="yes"?>
<addon id="repository.nanaddons" name="3rd Party Unrestricted" version="1.5" provider-name="noobsandnerds.com">
	<extension point="xbmc.addon.repository" name="3rd Party Unrestricted">
	<dir>
		<info compressed="false">https://raw.githubusercontent.com/noobsandnerds/noobsandnerds/master/zips/addons.xml</info>
		<checksum>https://raw.githubusercontent.com/noobsandnerds/noobsandnerds/master/zips/addons.xml.md5</checksum>
		<datadir zip="true">https://raw.githubusercontent.com/noobsandnerds/noobsandnerds/master/zips/</datadir>
	</dir>
	<dir>
		<info compressed="false">https://raw.github.com/Shepo6/Shepo/master/addons.xml</info>
		<checksum>https://raw.github.com/Shepo6/Shepo/master/addons.xml.md5</checksum>
		<datadir zip="true">https://raw.github.com/Shepo6/Shepo/master/</datadir>
	</dir>
	<dir>
		<info compressed="false">http://r.ninjasys.uk/addons.xml</info>
		<checksum>http://r.ninjasys.uk/addons.xml.md5</checksum>
		<datadir zip="true">http://r.ninjasys.uk/zips</datadir>
	</dir>
	<dir minversion="14.0.0">
		<info compressed="false">https://github.com/OpenELEQ/repository.q/raw/master/openeleq-addons.xml</info>
		<checksum>https://github.com/OpenELEQ/repository.q/raw/master/openeleq-addons.xml.md5</checksum>
		<datadir zip="true">https://raw.github.com/OpenELEQ/repository.q/master/zips/</datadir>
	</dir>
	<dir minversion="16.0.0">
		<info compressed="false">https://github.com/OpenELEQ/repository.q.jarvis/raw/master/openeleq-addons.xml</info>
		<checksum>https://github.com/OpenELEQ/repository.q.jarvis/raw/master/openeleq-addons.xml.md5</checksum>
		<datadir zip="true">https://raw.github.com/OpenELEQ/repository.q.jarvis/master/zips/</datadir>
	</dir>
	<dir minversion="16.9.9">
		<info compressed="false">https://github.com/OpenELEQ/repository.q.krypton/raw/master/openeleq-addons.xml</info>
		<checksum>https://github.com/OpenELEQ/repository.q.krypton/raw/master/openeleq-addons.xml.md5</checksum>
		<datadir zip="true">https://raw.github.com/OpenELEQ/repository.q.krypton/master/zips/</datadir>
	</dir>
	<dir>
		<info compressed="false">https://raw.github.com/Barroni1977/kobra/master/addons.xml</info>
		<checksum>https://raw.github.com/Barroni1977/kobra/master/addons.xml.md5</checksum>
		<datadir zip="true">https://raw.github.com/Barroni1977/kobra/master/</datadir>
	</dir>
	<dir>
        <info compressed="false">https://raw.githubusercontent.com/HalowTV/HalowTV/master/zips/addons.xml</info>
		<checksum>https://raw.githubusercontent.com/HalowTV/HalowTV/master/zips/addons.xml.md5</checksum>
		<datadir zip="true">https://raw.githubusercontent.com/HalowTV/HalowTV/master/zips/</datadir>
	</dir>
	<dir>
		<info compressed="false">https://raw.githubusercontent.com/DaButch3r/repository.dab/master/zips/addons.xml</info>
		<checksum>https://raw.githubusercontent.com/DaButch3r/repository.dab/master/zips/addons.xml.md5</checksum>
		<datadir zip="true">https://raw.githubusercontent.com/DaButch3r/repository.dab/master/zips/</datadir>
	</dir>
	<dir>
		<info compressed="false">https://raw.github.com/Andrewrb84/ARBMODRAPIER/master/addons.xml</info>
		<checksum>https://raw.github.com/Andrewrb84/ARBMODRAPIER/master/addons.xml.md5</checksum>
		<datadir zip="true">https://raw.github.com/Andrewrb84/ARBMODRAPIER/master/</datadir>
	</dir>
	<dir>
        <info compressed="false">http://schism-tv.net/addons/addons.xml</info>
        <checksum>http://schism-tv.net/addons/addons.xml.md5</checksum>
        <datadir zip="true">http://schism-tv.net/addons/zips/</datadir>
    </dir>
    <dir>
		<info compressed="false">http://www.mysupremacy.co.uk/zips/addon.xml</info>
		<checksum>http://www.mysupremacy.co.uk/zips/addons.xml.md5</checksum>
		<datadir zip="true">http://www.mysupremacy.co.uk/zips/</datadir>
	</dir>
	<dir>
		<info compressed="false">http://oblivionbuildz.com/Repo/addons.xml</info>
		<checksum>http://oblivionbuildz.com/Repo/addons.xml.md5</checksum>
		<datadir zip="true">http://oblivionbuildz.com/Repo</datadir>
	</dir>
	<dir>
        <info compressed="false">https://raw.githubusercontent.com/pansbox/Pandoras-Box/master/_repo/addons.xml</info>
        <checksum>https://raw.githubusercontent.com/pansbox/Pandoras-Box/master/_repo/addons.xml.md5</checksum>
        <datadir zip="true">https://raw.githubusercontent.com/pansbox/Pandoras-Box/master/_repo/</datadir>
    </dir>
	<dir>
		<info compressed="false">http://fantazyrepo.uk/Repo/addons.xml</info>
		<checksum>http://fantazyrepo.uk/Repo/addons.xml.md5</checksum>
		<datadir zip="true">http://fantazyrepo.uk/Repo</datadir>
	</dir>		
	<dir>
		<info compressed="false">https://raw.githubusercontent.com/Shanpython/repository.houseofstark/master/zips/addons.xml</info>
		<checksum>https://raw.githubusercontent.com/Shanpython/repository.houseofstark/master/zips/addons.xml.md5</checksum>
		<datadir zip="true">https://raw.githubusercontent.com/Shanpython/repository.houseofstark/master/zips/</datadir>
	</dir>
	<dir>		
		<info compressed="false">https://raw.githubusercontent.com/Goliath-Evolve/repository.Goliath/master/addons.xml</info>
		<checksum>https://raw.githubusercontent.com/Goliath-Evolve/repository.Goliath/master/addons.xml.md5</checksum>
		<datadir zip="true">https://raw.githubusercontent.com/Goliath-Evolve/repository.Goliath/master/zips/</datadir>
	</dir>
	<dir>		
        <info compressed="false">https://offshoregit.com/cleaner/entire/addons.xml</info>
        <checksum>https://offshoregit.com/cleaner/entire/addons.xml.md5</checksum>
        <datadir zip="true">https://offshoregit.com/cleaner/entire/zips/</datadir>
    </dir>
	</extension>
	<extension point="xbmc.addon.metadata">
		<summary>The unrestricted repository for 3rd Party add-ons</summary>
		<description>This repository is a container for 3rd party add-ons where the dev offers support for end users, they agree not to push malicious code and do not re-upload official Kodi modules (which has been proven to cause big problems). Please read the README file in the add-on root directory if you're interested in having your add-ons added to this list or head over to www.noobsandnerds.com for more info.</description>
		<platform>all</platform>
	</extension>
</addon>
