<?xml version="1.0" encoding="UTF-8" standalone="yes"?>
<addon id="repository.unofficialsportsdevil" name="Unofficial SportsDevil Repository" version="0.0.0.1" provider-name="unofficialsportsdevil">
 <extension point="xbmc.addon.repository" name="Unofficial SportsDevil Repository">
  <dir>
   <info compressed="false">
    https://offshoregit.com/tvaresolvers/tva-common-repository/raw/master/addons.xml
   </info>
   <checksum>
    https://offshoregit.com/tvaresolvers/tva-common-repository/raw/master/addons.xml.md5
   </checksum>
   <datadir zip="true">
    https://offshoregit.com/tvaresolvers/tva-common-repository/raw/master/zips/
   </datadir>
  </dir>
  <info compressed="false">
   https://offshoregit.com/unofficialsportsdevil/addons.xml
  </info>
  <checksum>
   https://offshoregit.com/unofficialsportsdevil/addons.xml.md5
  </checksum>
  <datadir zip="true">https://offshoregit.com/unofficialsportsdevil/</datadir>
 </extension>
 <extension point="xbmc.addon.metadata">
  <summary>Unofficial SportsDevil Updates for Kodi</summary>
  <description>Unofficial SportsDevil Updates for Kodi</description>
  <platform>all</platform>
  <forum>
   https://forums.tvaddons.ag/sportsdevil-addon-for-kodi/
  </forum>
 </extension>
</addon>
