<?xml version="1.0" encoding="UTF-8" standalone="yes"?>
<addon id="repository.iWillFolo" name="iWillFolo add-ons" version="0.0.0.1" provider-name="iWillFolo.com">
	<extension point="xbmc.addon.repository" name="iWillFolo Add-ons repository">
		<info compressed="false">http://iwillfolo.com/wordpress/wp-content/uploads/addons.xml</info>
		<checksum>http://iwillfolo.com/wordpress/wp-content/uploads/addons.xml.md5</checksum>
		<datadir zip="true">http://iwillfolo.com/wordpress/wp-content/uploads/download_dir/</datadir>
	</extension>
	<extension point="xbmc.addon.metadata">
		<summary>Install add-ons from iWillFolo repository</summary>
		<summary lang="de">Installiere Add-ons von iWillFolo Repository</summary>
		<description>download and install add-ons from iWillFolo repository.</description>
		<description lang="de">Downloade und installiere Add-ons von iWillFolo Repository.</description>
		<disclaimer></disclaimer>
		<platform>all</platform>
	</extension>
</addon>