﻿<?xml version="1.0" encoding="UTF-8" standalone="yes"?>
<addon id="repository.featherence" name="Featherence repository" version="0.0.0.1" provider-name="finalmakerr">
	<extension point="xbmc.addon.repository" name="Featherence repository">
		<info compressed="false">https://raw.githubusercontent.com/finalmakerr/featherence/master/addons.xml</info>
		<checksum>https://raw.githubusercontent.com/finalmakerr/featherence/master/addons.xml.md5</checksum>
		<datadir zip="true">https://raw.githubusercontent.com/finalmakerr/featherence/master/</datadir>
    </extension>
	<extension point="xbmc.addon.metadata">
		<language>he en</language>
		<platform>all</platform>
		<summary lang="en"></summary>
		<description lang="en">Get frequently updates from Featherence team</description>
		<email>featherence@groups.facebook.com</email>
		<forum></forum>
		<source>https://github.com/finalmakerr/featherence/tree/master/master/skin.featherence/1080i</source>
		<website>https://www.facebook.com/groups/featherence/</website>
	</extension>
</addon>

