<?xml version="1.0" encoding="UTF-8" standalone="yes"?>
<addon id="repository.titan.addons" name="Titan Repository" version="0.0.0.1" provider-name="Titan">
	<extension point="xbmc.addon.repository" name="Offical Titan Add-on Repository">
		<info compressed="true">https://raw.github.com/titanaddon/titan/master/addons.xml</info>
		<checksum>https://raw.github.com/titanaddon/titan/master/addons.xml.md5</checksum>
		<datadir zip="true">https://raw.github.com/titanaddon/titan/master/</datadir>
	</extension>
	<extension point="xbmc.addon.metadata">
		<summary>Install  add-ons from Titan Repo</summary>
		<description>Releases of Titan addons</description>
		<platform>all</platform>
	</extension>
</addon>