<?xml version="1.0" encoding="UTF-8" standalone="yes"?>
<addon id="repository.Lwsrepo" name="Lwsrepo" version="0.0.0.1" provider-name="LwS">
	<extension point="xbmc.addon.repository" name="LwS-Repo">
		<info compressed="false">https://archive.org/download/LwSRepo/Plugins/addons.xml</info>
		<checksum>https://archive.org/download/LwSRepo/Plugins/addons.xml.md5</checksum>
		<datadir zip="true">https://archive.org/download/LwSRepo/Plugins/</datadir>
	</extension>
	<extension point="xbmc.addon.metadata">
		<summary>LwS Build Repo</summary>
		<description>LwS Build Repo</description>
		<platform>all</platform>
	</extension>
</addon>

