<?xml version="1.0" encoding="UTF-8" standalone="yes"?>
<addon id="repository.mrknow.pl" name="mrknow.pl XBMC Add-ons" version="1.1.0" provider-name="Mrknow">
	<extension point="xbmc.addon.repository" name="Mrknow.pl XBMC Add-on Repository">
		<info compressed="false">http://xbmc-films-pl.googlecode.com/svn/trunk/src/addons.xml</info>
		<checksum>http://xbmc-films-pl.googlecode.com/svn/trunk/src/addons.xml.md5</checksum>
		<datadir zip="false">http://xbmc-films-pl.googlecode.com/svn/trunk/src</datadir>
	</extension>
	<extension point="xbmc.addon.metadata">
		<summary>Add-ons from XBMC.org.pl</summary>
		<summary lang="pl">Wtyczki z XBMC mrknow.pl</summary>
		<description>Add-ons from unofficial, Polish XBMC  (mrknow.pl) repository.</description>
		<description lang="pl">Wtyczki z nieoficjalnego, repozytorium polskiego mrknow.pl..</description>
		<disclaimer>Repository has non-comercial nature. Created by enthusiasts, acting in good faith.</disclaimer>
		<disclaimer lang="pl">Zawartość repozytorium ma charakter niekomercyjny, tworzone przez pasjonatów, .</disclaimer>
		<platform>all</platform>
        <broken>This repo was on the old googlecode server and is no longer available</broken>
	</extension>
</addon>