﻿<?xml version="1.0" encoding="UTF-8" standalone="yes"?>
<addon id="repository.eldorado" name="Eldorado's XBMC Addons" version="0.0.0.1" provider-name="eldorado">
	<extension point="xbmc.addon.repository" name="Eldorado's XBMC Addon Repository">
		<info compressed="false">http://raw.github.com/Eldorados/eldorado-xbmc-addons/master/addons.xml</info>
		<checksum>http://raw.github.com/Eldorados/eldorado-xbmc-addons/master/addons.xml.md5</checksum>
		<datadir zip="true">http://raw.github.com/Eldorados/eldorado-xbmc-addons/master/repo/</datadir>
		<dir>
			<info compressed="false">https://offshoregit.com/Eldorado/xbmc-addons/raw/master/addons.xml</info>
			<checksum>https://offshoregit.com/Eldorado/xbmc-addons/raw/master/addons.xml.md5</checksum>
			<datadir zip="true">https://offshoregit.com/Eldorado/xbmc-addons/raw/master/repo/</datadir>
		</dir>        
	</extension>
	<extension point="xbmc.addon.metadata">
		<summary>Install Eldorado's Addons</summary>
		<forum>http://forums.tvaddons.ag/forums/23-ELDORADO-S-XBMC-ADDONS</forum>
		<description>Download and install addons by Eldorado</description>
		<platform>all</platform>
	</extension>
</addon>