<?xml version="1.0" encoding="UTF-8"?>
<addon id="repository.robwebset" name="robwebset's Repository" version="1.0.0" provider-name="robwebset">
    <extension point="xbmc.addon.repository" name="robwebset's Repository">
        <info compressed="false">http://raw.github.com/robwebset/repository.robwebset/master/addons.xml</info>
        <checksum>http://raw.github.com/robwebset/repository.robwebset/master/addons.xml.md5</checksum>
        <datadir zip="true">http://raw.github.com/robwebset/repository.robwebset/master</datadir>
    </extension>
    <extension point="xbmc.addon.metadata">
        <summary>robwebset's Repository</summary>
        <description>Repository containing all of robwebset's addons</description>
        <disclaimer></disclaimer>
        <platform>all</platform>
        <language></language>
        <license>GNU GENERAL PUBLIC LICENSE. Version 3, 29 June 2007</license>
        <forum></forum>
        <website></website>
        <source>https://github.com/robwebset/repository.robwebset</source>
    </extension>
</addon>
