<addon id="repository.bstrdsmkr" name="Bstrdsmkr's Repository" version="0.0.0.1" provider-name="Bstrdsmkr">
	<extension point="xbmc.addon.repository" name="Bstrdsmkrs XBMC Addons">
		<info compressed="false">https://offshoregit.com/tknorris/tknorris-release-repo/raw/master/addons.xml</info>
		<checksum>https://offshoregit.com/tknorris/tknorris-release-repo/raw/master/addons.xml.md5</checksum>
		<datadir zip="true">https://offshoregit.com/tknorris/tknorris-release-repo/raw/master/zips</datadir>
	</extension>
	<extension point="xbmc.addon.metadata">
		<summary>Bstrdsmkr's Addons</summary>
		<description>Download and install addons by Bstrdsmkr!</description>
		<platform>all</platform>
		<broken>This repository is now dead, if you're looking for the 1channel/primewire addon that can be found in the tknorris repo</broken>
	</extension>
</addon>

