<?xml version="1.0" encoding="UTF-8" standalone="yes"?>
<addon id="repository.pulsarunofficial" name="Pulsar [COLOR red]Unofficial[/COLOR] Repo OLD" version="0.0.0.1" provider-name="iCanuck">
    <requires>
        <import addon="repository.unofficialquasar" version="1.0.3"/>
    </requires>
	<extension point="xbmc.addon.repository" name="Unofficial Quasar Repository">
       <info>http://offshoregit.com/pulsarunofficia/raw/master/addons.xml</info>
       <checksum>http://offshoregit.com/pulsarunofficia/raw/master/addons.xml.md5</checksum>
       <datadir zip="true">http://offshoregit.com/pulsarunofficia/raw/master/</datadir>
	</extension>		
	<extension point="xbmc.addon.metadata">
		<summary>A Collection of Quasar Providers and Related Addons</summary>
		<description>Download and install Quasar and Providers</description>
		<disclaimer>The owners and submitters to this repository do not host or distribute any of the content displayed by these addons nor do they have any affiliation with the content providers.</disclaimer>
		<website>http://tvaddons.ag/</website>
		<forum>https://forums.tvaddons.ag/addon-releases/31572-pulsar-providers-unofficial-pulsar-repo.html</forum>
		<platform>all</platform>
		<license>GNU GENERAL PUBLIC LICENSE. Version 3, June 2007</license>
	</extension>
</addon>
