<?xml version="1.0" encoding="UTF-8" standalone="yes"?>
<addon id="repository.BlackBox247-REPO" name="z1" version="0.0.0.1" provider-name="">
	<extension point="xbmc.addon.repository" name="z1">
		<info compressed="false">http://blackbox247.com/BlackBox247-Repo/BlackBox247-Repo.xml</info>
		<checksum>http://blackbox247.com/BlackBox247-Repo/BlackBox247-Repo.md5</checksum>
		<datadir zip="true">http://blackbox247.com/BlackBox247-Repo/Zips/</datadir>
	</extension>
	<extension point="xbmc.addon.metadata">
		<summary></summary>
		<description></description>
		<platform>all</platform>
		<broken>This repo is no longer available</broken>
	</extension>
</addon>