﻿<?xml version="1.0" encoding="UTF-8" standalone="yes"?>
<addon id="repository.szmokkencs" name="Szmokkencs Repository" version="1.0.0" provider-name="Szmokkencs">
	<extension point="xbmc.addon.repository" name="Szmokkencs Add-on Repository">
		<info compressed="false">https://offshoregit.com/szmokkencs/addons.xml</info>
		<checksum>https://offshoregit.com/szmokkencs/addons.xml.md5</checksum>
		<datadir zip="true">https://offshoregit.com/szmokkencs/</datadir>
	</extension>
	<extension point="xbmc.addon.metadata">
		<summary></summary>
		<description>Szmokkencs Repository</description>
		<disclaimer></disclaimer>
		<platform>all</platform>
	</extension>
</addon>