﻿<?xml version="1.0" encoding="UTF-8" standalone="yes"?>
<addon id="repository.axbmcuser"
       name="axbmcuser REPO"
       version="1.1.0"
       provider-name="axbmcuser">
  <requires>
    <import addon="xbmc.addon" version="12.0.0"/>
  </requires>
  <extension point="xbmc.addon.repository"
             name="axbmcuser REPO">
    <dir minversion="14.0.0">
      <info compressed="false">https://github.com/axbmcuser/_repo/raw/master/helix/addons.xml</info>
      <checksum>https://github.com/axbmcuser/_repo/raw/master/helix/addons.xml.md5</checksum>
      <datadir zip="true">https://github.com/axbmcuser/_repo/raw/master/helix</datadir>
      <hashes>false</hashes>
    </dir>
    <dir minversion="14.9.0">
      <info compressed="false">https://github.com/axbmcuser/_repo/raw/master/isengard/addons.xml</info>
      <checksum>https://github.com/axbmcuser/_repo/raw/master/isengard/addons.xml.md5</checksum>
      <datadir zip="true">https://github.com/axbmcuser/_repo/raw/master/isengard</datadir>
      <hashes>false</hashes>
    </dir>
    <dir minversion="15.9.0">
      <info compressed="false">https://github.com/axbmcuser/_repo/raw/master/jarvis/addons.xml</info>
      <checksum>https://github.com/axbmcuser/_repo/raw/master/jarvis/addons.xml.md5</checksum>
      <datadir zip="true">https://github.com/axbmcuser/_repo/raw/master/jarvis</datadir>
      <hashes>false</hashes>
    </dir>
    <dir minversion="16.9.0">
      <info compressed="false">https://github.com/axbmcuser/_repo/raw/master/krypton/addons.xml</info>
      <checksum>https://github.com/axbmcuser/_repo/raw/master/krypton/addons.xml.md5</checksum>
      <datadir zip="true">https://github.com/axbmcuser/_repo/raw/master/krypton</datadir>
      <hashes>false</hashes>
    </dir>
  </extension>
  <extension point="xbmc.addon.metadata">
    <summary>This repository contains KODI addons from user "axbmcuser".</summary>
    <description>This repository contains KODI addons from user "axbmcuser".</description>
    <platform>all</platform>
  </extension>
</addon>
