<?xml version="1.0" encoding="UTF-8" standalone="yes"?>
<addon id="repository.dss" name="DSS" version="0.0.0.1" provider-name="DSS">
	<extension point="xbmc.addon.repository" name=" DSS Repository">
		<info compressed="true">https://raw.githubusercontent.com/dutchsportstreams/DSS/master/addons.xml</info>
		<checksum>https://raw.githubusercontent.com/dutchsportstreams/DSS/master/addons.xml.md5</checksum>
		<datadir zip="true">https://raw.githubusercontent.com/dutchsportstreams/DSS/master/repo</datadir>
	</extension>
	<extension point="xbmc.addon.metadata">
		<summary>Repository DSS</summary>
		<description>Download and install addons from DSS[CR]</description>
		<platform>all</platform>
	</extension>
</addon>
