<?xml version="1.1" encoding="UTF-8" standalone="yes"?>
<addon id="repository.amiosamy" name="All Addons by amiosamy" version="1.2" provider-name="amiosamy">
	<extension point="xbmc.addon.repository" name="Addons from amiosamy">
		<info compressed="false">https://github.com/amiosamy/my-plugins/blob/master/addon.xml</info>
		<checksum>https://github.com/amiosamy/my-plugins/blob/master/addon.xml.md5</checksum>
		<datadir zip="true">https://github.com/amiosamy/my-plugins/tree/master/zips</datadir>
	</extension>
	<extension point="xbmc.addon.metadata">
		<summary>Repo for my plugins</summary>
		<description>Download and install addons from amiosamy</description>
		<platform>all</platform>
		<broken>deprecated</broken>
	</extension>
</addon>

