<?xml version="1.0" encoding="UTF-8" standalone="yes"?>
<addon id="repository.addonscriptorde-beta" name="AddonScriptorDE's Testing Repo" version="1.0.1" provider-name="AddonScriptorDE">
	<extension point="xbmc.addon.repository" name="AddonScriptorDE's Testing Repo">
		<info compressed="false">http://addonscriptorde-beta-repo.googlecode.com/svn/trunk/addons.xml</info>
		<checksum>http://addonscriptorde-beta-repo.googlecode.com/svn/trunk/addons.xml.md5</checksum>
		<datadir zip="false">http://addonscriptorde-beta-repo.googlecode.com/svn/trunk/</datadir>
	</extension>
	<extension point="xbmc.addon.metadata">
		<summary>Add-ons and updates that are not (yet) available via the xbmc.org repo</summary>
		<description>Add-ons and updates that are not (yet) available via the xbmc.org repo</description>
		<disclaimer></disclaimer>
		<platform>all</platform>
        <broken>This repo was on the old googlecode server and is no longer available, please use the newer github version.</broken>
	</extension>
</addon>
