<?xml version="1.0" encoding="UTF-8" standalone="yes"?>
<addon id="script.tvportal" name="TV Portal" version="1.0.7" provider-name="Original work by Spoyser, DixieDean - Modded by noobsandnerds.com">
    <requires>
        <import addon="xbmc.python" version="2.1.0"/>
        <import addon="script.module.requests" version="2.3.0"/>
        <import addon="script.module.simplejson" version="2.0.10"/>
        <import addon="script.module.elementtree" version="1.2.7"/>
        <import addon="script.tvportal.tools" version="1.1"/>
    </requires>
    <extension point="xbmc.python.script" library="addon.py" />
    <extension point="xbmc.service" library="service.py" start="login" />
    <extension point="xbmc.addon.metadata">
   <extension point="xbmc.python.pluginsource" library="addon.py">
        <provides>video</provides>
  </extension>
        <description>A fully customisable EPG which can link to any addons, streams and even PVR clients within Kodi. This is the only EPG that offers the ability to import your own XML TV listings and convert into a fast responsive db driven TV Guide. Big thanks to twinther for the original TV Guide code and the On-Tapp.TV team for the code on which this was forked from.</description>
        <platform>all</platform>
        <language></language>
        <license>GPLv2</license>
        <ref>7edf9ae4164cb509065403f78e79739e</ref>
    </extension>

	<extension point="kodi.context.item" library="osd.py">        
      <item>
        <label>TV Portal Mini-Guide</label>
        <visible>true</visible>
      </item>
	</extension>
</addon>
