<?xml version="1.0" encoding="UTF-8" standalone="yes"?>
<addon id="repository.macedoniaondemand.xbmc-plugins" name="Macedonia On Demand Add-on Repository" version="0.0.0.1" provider-name="Viktor Mladenovski">
	<extension point="xbmc.addon.repository" name="Macedonia On Demand Add-on Repository">
		<info compressed="false">http://macedoniaondemand.googlecode.com/git/addons.xml</info>
		<checksum>http://macedoniaondemand.googlecode.com/git/addons.xml.md5</checksum>
		<datadir zip="false">http://macedoniaondemand.googlecode.com/git/</datadir>
	</extension>
	<extension point="xbmc.addon.metadata">
		<summary>Install Add-ons from bluecop Macedonia On Demand Repository</summary>
		<description>Video plug-ins for XBMC</description>
		<disclaimer></disclaimer>
		<platform>all</platform>
        <broken>This repo was on the old googlecode server and is no longer available</broken>
	</extension>
</addon>
