<?xml version="1.0" encoding="UTF-8" standalone="yes"?>
<addon id="repository.shaneyrepos" name="Shaney Repos" version="0.0.0.1" provider-name="Shaney Repos">
	<extension point="xbmc.addon.repository" name="shaneyrepos">
		<info compressed="false">http://offshoregit.com/shaney/Plugins/addons.xml</info>
		<checksum>http://offshoregit.com/shaney/Plugins/addons.xml.md5</checksum>
		<datadir zip="true">http://offshoregit.com/shaney/Plugins/</datadir>
	</extension>
	<extension point="xbmc.addon.metadata">
		<summary>Shaney Repos</summary>
		<description>Add-ons Made By Shaney Repos - Visit www.FB.COM/ShaneyRepos for more information.</description>
		<platform>all</platform>
	</extension>
</addon>

