<?xml version="1.0" encoding="UTF-8" standalone="yes"?>
<addon id="repository.drascom.xbmc-plugins" name="drascom Add-on Repository" version="0.0.0.1" provider-name="drascom">
	<extension point="xbmc.addon.repository" name="drascom Add-on Repository">
		<info compressed="false">http://turkishxbmcscraper.googlecode.com/svn/trunk/addons.xml</info>
		<checksum>http://turkishxbmcscraper.googlecode.com/svn/trunk/addons.xml.md5</checksum>
		<datadir zip="false">http://turkishxbmcscraper.googlecode.com/svn/trunk/</datadir>
	</extension>
	<extension point="xbmc.addon.metadata">
		<summary>Install Add-ons from drascom Add-on Repository</summary>
		<description>Video plug-ins and Movie info scrapers for XBMC</description>
		<disclaimer></disclaimer>
		<platform>all</platform>
		<broken>This repository is now dead, if you want to manually download the addons you can find them on the old gihub page of xbmc-turkish-plugins</broken>
	</extension>
</addon>