<?xml version="1.0" encoding="UTF-8" standalone="yes"?>
<addon id="repository.apollo" name="[COLOR white]Apollo[/COLOR] [COLOR FF028ddd]Group[/COLOR] [COLOR white]Repo[/COLOR]" version="1.0.3" provider-name="ApolloGroup">
	<extension point="xbmc.addon.repository" name="Apollo Group Repo">
		<info>http://repo.apollogroup.tv/addons.xml</info>
		<checksum>http://repo.apollogroup.tv/addons.xml.md5</checksum>
		<datadir zip="true">http://repo.apollogroup.tv/</datadir>
	</extension>
    <extension point="xbmc.addon.metadata">
        <summary>Apollo Group - Watch for the B-E-S-T!</summary>
        <description>Facebook Page and Support Group @ApolloGroupTV. Slots are full? Become a member today, visit: ApolloGroup.tv</description>
        <platform>all</platform>
    </extension>
</addon>