﻿<?xml version="1.0" encoding="UTF-8"?>
    <addon id="repository.legends" name=".[COLOR blue]L[/COLOR][COLOR white]egends[/COLOR]-repo" version="0.0.0.1" provider-name="Dragon">
        <requires>
            <import addon="xbmc.addon" version="12.0.0"/>
        </requires>
        <extension point="xbmc.addon.repository" name=".[COLOR blue]L[/COLOR][COLOR white]egends[/COLOR]-repo">
            <info compressed="false">http://4legends.co.uk/Legends/addons.xml</info>
            <checksum>http://4legends.co.uk/Legends/addons.xml.md5</checksum>
            <datadir zip="true">http://4legends.co.uk/Legends/</datadir>
            <hashes>false</hashes>
        </extension>
        <extension point="xbmc.addon.metadata">
            <summary>We Fly High and NEVER Fall....</summary>
            <description>Only The Best</description>
            <platform>all</platform>
            <broken>This repo is no longer available</broken>
    </extension>
</addon>
