﻿<?xml version="1.0" encoding="UTF-8" standalone="yes"?>
<addon id="repository.codenx.addons" name="codenx's XBMC Addons" version="0.0.0.1" provider-name="codenx">
	<extension	point="xbmc.addon.repository" name="codenx's XBMC Addon Repository">
		<info compressed="false">https://github.com/codenx/codenx-xbmc-addons/raw/master/addons.xml</info>
		<checksum>https://github.com/codenx/codenx-xbmc-addons/raw/master/addons.xml.md5</checksum>
		<datadir zip="true">https://github.com/codenx/codenx-xbmc-addons/raw/master/data/</datadir>
	</extension>
	<extension point="xbmc.addon.metadata">
		<summary>Install Code 'n X Addons</summary>
		<description>Download and install Code 'n X Addons</description>
		<disclaimer></disclaimer>
		<platform>all</platform>
	</extension>
</addon>
