<?xml version="1.0" encoding="UTF-8" standalone="yes"?>
<addon id="repository.VEOLO.Unofficial"
		name="VEOLO Unofficial Add-ons"
		version="0.0.0.1"
		provider-name="A.C. Ryan">
	<extension point="xbmc.addon.repository"
		name="VEOLO Unofficial Add-on Repository">
		<info>https://copy.com/28Xcy7CVHIikzfq6/Repo.VEOLO.Unofficial/addons.xml</info>
		<checksum>https://copy.com/28Xcy7CVHIikzfq6/Repo.VEOLO.Unofficial/addons.xml.md5</checksum>
		<datadir zip="true">https://copy.com/28Xcy7CVHIikzfq6/Repo.VEOLO.Unofficial/addons</datadir>
	</extension>
	<extension point="xbmc.addon.metadata">
		<summary lang="en">VEOLO Unofficial Add-on Repository</summary>
		<summary lang="nl">VEOLO Onofficiële Addon Depot</summary>
		<description lang="en">A.C. Ryan's unofficial add-on repository.</description>
		<description lang="nl">A.C. Ryan's onofficiële addon depot.</description>
		<disclaimer lang="en">A.C. Ryan did not make any the add-ons in this repository and is in no way responsible for their content.</disclaimer>
		<disclaimer lang="nl">A.C. Ryan heeft geen van de add-ons in dit depot gemaakt en is op geen enkele manier verantwoordelijk voor hun inhoud.</disclaimer>
		<platform>all</platform>
		<broken>This repository has been deleted by the developer and is no longer available</broken>
	</extension>
</addon>
