<?xml version="1.0" encoding="UTF-8" standalone="yes"?>
<addon id="repository.eraser" name="XBMC Eraser's Addons" version="1.0.1" provider-name="eraser">
	<extension point="xbmc.addon.repository" name="XBMC Eraser's Addons">
		<info compressed="false">http://twitxbmc.googlecode.com/svn/addons/addons.xml</info>
		<checksum>http://twitxbmc.googlecode.com/svn/addons/addons.xml.md5</checksum>
		<datadir zip="true">http://twitxbmc.googlecode.com/svn/addons</datadir>
	</extension>
	<extension point="xbmc.addon.metadata">
		<summary>XBMC Addons Eraser's</summary>
		<description>Install Add-ons from Eraser</description>
		<disclaimer>Download and install Add-ons from Eraser, although this repo links to googlecode the content can also be manually downloaded from github</disclaimer>
		<platform>all</platform>
        <broken>This repo was on the old googlecode server and is no longer available</broken>
	</extension>
</addon>
