<?xml version="1.0" encoding="UTF-8" standalone="yes"?>
<addon id="repository.nguyentuan" name="nguyentuan's Repo" version="0.0.0.1" provider-name="nguyentuan">
    <extension point="xbmc.addon.repository" name="Nguyentuan's Repo">
        <info compressed="false">http://addons.chuongtrinhviet.com/addons.xml</info>
        <checksum>http://addons.chuongtrinhviet.com/addons.xml.md5</checksum>
        <datadir zip="true">http://repo.chuongtrinhviet.com:81/svn/repo/</datadir>
    </extension>
    <extension point="xbmc.addon.metadata">
        <summary>Nguyentuan's repository</summary>
        <description>A reposistory of Nguyentuan's addons for XBMC</description>
        <platform>all</platform>
    </extension>
	</addon>	