<?xml version="1.0" encoding="UTF-8" standalone="yes"?>
	<addon id="repository.slashing" name="Brazzers-addon-repository" version="0.0.0.1" provider-name="slashing">
		<extension point="xbmc.addon.repository" name="XBMC Adult Addons">
			<info compressed="false">http://github.com/slashing/kodi-brazzers/raw/master/addons.xml</info>
			<checksum>http://github.com/slashing/kodi-brazzers/raw/master/addons.xml.md5</checksum>
			<datadir zip="true">http://github.com/slashing/kodi-brazzers/raw/master/repo/</datadir>
		</extension>
		<extension point="xbmc.addon.metadata">
			<summary>XBMC Addons for Brazzers</summary>
			<description>Download XBMC/Kodi Brazzers scraper.</description>
			<platform>all</platform>
	</extension>
</addon>
