<?xml version="1.0" encoding="UTF-8" standalone="yes"?>
<addon id="repository.mossy" 
        name="Mossy's Frodo Add-ons" 
        version="0.0.0.1"
        provider-name="mossy">
    <extension point="xbmc.addon.repository" 
        name="Mossy's Add-ons">
        <info compressed="false">http://mossy-xbmc-repo.googlecode.com/git/release/addons.xml</info>
        <checksum>http://mossy-xbmc-repo.googlecode.com/git/release/addons.xml.md5</checksum>
        <datadir zip="true">http://mossy-xbmc-repo.googlecode.com/git/release</datadir>
    </extension>
    <extension point="xbmc.addon.metadata">
        <summary>Install add-ons from Mossys add-on repository</summary>
        <description>Home of Irish TV Player &amp; 4oD</description>
        <disclaimer>If it breaks, you get to keep the pieces</disclaimer>
        <platform>all</platform>
        <broken>This repo was on the old googlecode server and is no longer available</broken>
    </extension>
</addon>
