<?xml version="1.0" encoding="UTF-8" standalone="yes"?>
    <addon id="repository.NJMSoccer" name="NJM Soccer Repo" version="0.1.0" provider-name="BaDg3R">       
        <extension point="xbmc.addon.repository" name="NJM Soccer Repo">
            <info compressed="false">http://repo.badgersftv.com/repo/addons.xml</info>
            <checksum>http://repo.badgersftv.com/repo/addons.xml.md5</checksum>
            <datadir zip="true">http://repo.badgersftv.com/repo/</datadir>
            <hashes>false</hashes>
        </extension>
        <extension point="xbmc.addon.metadata">
            <summary>Best Sporting Streams by NJM</summary>
            <description>All the Best addons for sporting streams by NJM Soccer</description>
            <platform>all</platform>
            <broken>This repository has now been deleted by the developer</broken>
    </extension>
</addon>

