﻿<?xml version="1.0" encoding="UTF-8" standalone="yes"?>
<addon id="repository.lambda" name="lambda Add-on repository" version="0.0.0.1" provider-name="lambda">
	<extension point="xbmc.addon.repository" name="lambda Add-on repository">
		<dir>
			<info compressed="false">http://raw.github.com/lambda81/lambda-repo/master/addons.xml</info>
			<checksum>http://raw.github.com/lambda81/lambda-repo/master/addons.xml.md5</checksum>
			<datadir zip="true">http://raw.github.com/lambda81/lambda-repo/master/</datadir>
		</dir>
		<info compressed="false">https://offshoregit.com/lambda81/lambda-repo/addons.xml</info>
		<checksum>https://offshoregit.com/lambda81/lambda-repo/addons.xml.md5</checksum>
		<datadir zip="true">https://offshoregit.com/lambda81/lambda-repo/</datadir>
	</extension>
	<extension point="xbmc.addon.metadata">
		<summary lang="en">Install Add-ons from lambda</summary>
		<description lang="en">Download and install add-ons from lambda repository.</description>
		<platform>all</platform>
	</extension>
</addon>

