﻿<?xml version="1.0" encoding="UTF-8" standalone="yes"?>
<addon id="repository.membrane" name="membrane's KODI Add-ons" version="0.0.0.1" provider-name="membrane">
	<extension point="xbmc.addon.repository" name="membrane's XBMC Add-on Repository">
		<info compressed="false">http://github.com/prof-membrane/repository.membrane/raw/master/addons.xml</info>
		<checksum>http://github.com/prof-membrane/repository.membrane/raw/master/addons.xml.md5</checksum>
		<datadir zip="true">http://github.com/prof-membrane/repository.membrane/raw/master/</datadir>
	</extension>
	<extension point="xbmc.addon.metadata">
		<summary>Install membrane's Add-ons</summary>
		<description>Download and install addons by membrane</description>
		<platform>all</platform>
	</extension>
</addon>

