<?xml version="1.0" encoding="UTF-8" standalone="yes"?>
<addon id="repository.spoyser" 
        name="spoysers XBMC Add-ons" 
        version="0.0.0.1"
        provider-name="spoyser">
    <extension point="xbmc.addon.repository" 
        name="spoysers XBMC Add-ons">
        <info compressed="false">https://raw.github.com/spoyser/spoyser-repo/master/addons.xml</info>
        <checksum>https://raw.github.com/spoyser/spoyser-repo/master/addons.xml.md5</checksum>
        <datadir zip="true">https://raw.github.com/spoyser/spoyser-repo/master/zips/</datadir>
    </extension>
    <extension point="xbmc.addon.metadata">
        <summary>Install XBMC add-ons from the official spoyser repository</summary>
        <description>Install XBMC add-ons from spoysers official repository</description>
        <disclaimer></disclaimer>
        <platform>all</platform>
    </extension>
</addon>