<?xml version="1.1" encoding="UTF-8" standalone="yes"?>
<addon id="repository.Kinkin" name="Kinkins REPO" version="0.0.0.1" provider-name="Kinkin">
	<extension point="xbmc.addon.repository" name="Kinkin Addon Repository">
		<info compressed="false">https://offshoregit.com/kinkin-xbmc-repository/addons.xml</info>
		<checksum>https://offshoregit.com/kinkin-xbmc-repository/addons.xml.md5</checksum>
		<datadir zip="true">https://offshoregit.com/kinkin-xbmc-repository/zips</datadir>
	</extension>
	<extension point="xbmc.addon.metadata">
		<summary>Install Kinkins Addons</summary>
		<description>Install addons by Kinkin</description>
		<platform>all</platform>
	</extension>
</addon>

