﻿<?xml version="1.0" encoding="UTF-8" standalone="yes"?>
<addon version="0.0.0.1" id="repository.TheHighwaysEasyInstallRepo" name="TheHighways Easy Fresh Install Addon Collection" provider-name="The[COLOR tan]Highway[/COLOR]">
	<extension point="xbmc.addon.repository" name="TheHighway's Easy Fresh Install Addon Collection">
		<info compressed="false">http://github.com/HIGHWAY99/repository.thehighway/raw/master/repoEasyInstall.xml</info>
		<checksum>http://github.com/HIGHWAY99/repository.thehighway/raw/master/repoEasyInstall.xml.md5</checksum>
		<datadir zip="true">http://github.com/HIGHWAY99/repository.thehighway/raw/master/repo/</datadir>
	</extension>
	<extension point="xbmc.addon.metadata">
		<summary>Install The[COLOR tan]Highway[/COLOR]'s Addons</summary>
		<description>For Myself and those who want to use it.  Basically for when you need to do a fresh install and don't want to hunt up the IMPORTANT things in life in each and every little spot (some unknown to man).  If you are not currently a registered user of XBMCHUB's forum please feel free to help me out by using my referrer code ( http://www.xbmchub.com/forums/register.php?referrerid=15468 ) and register.  Also I'm often on irc.freenode.net:6667 #XBMCHUB for those who have a IRC Chat client.  For those without one, check the forum for the website app to connect to it and chat with us.  We're often AFK or busy with other things, so feel free to sit with us or drop a message for us to read when we get a chance.</description>
		<platform>all</platform>
	</extension>
</addon>

