<?xml version="1.0" encoding="UTF-8" standalone="yes"?>
<addon id="repository.irishtvtwo" name="Irish Television Kodi Plugins" version="0.0.0.1" provider-name="IrishTv">
	<extension point="xbmc.addon.repository" name="Irish Television Kodi Plugins">
       <info>http://kodi.patthesatman.com/repo/addons.xml</info>
       <checksum>http://kodi.patthesatman.com/repo/addons.xml.md5</checksum>
       <datadir zip="true">http://kodi.patthesatman.com/repo/</datadir>
	</extension>
	<extension point="xbmc.addon.metadata">
		<summary>For easy installation</summary>
		<description>The best addons for your device</description>
		<disclaimer></disclaimer>
		<platform>all</platform>
	</extension>
</addon>