﻿<?xml version="1.0" encoding="UTF-8" standalone="yes"?>
<addon id="repository.twinther" name="Obsolete repository (can safely be deleted)" version="0.0.0.1" provider-name="Obsolete">
	<extension point="xbmc.addon.repository" name="Obsolete repository">
		<info compressed="false">http://this.url.does.not.exist/xbmc/addons.xml</info>
		<checksum>http://this.url.does.not.exist/xbmc/addons.xml.md5</checksum>
		<datadir zip="true">http://this.url.does.not.exist/xbmc/</datadir>
	</extension>
	<extension point="xbmc.addon.metadata">
		<summary>Obsolete repository - Can safely be deleted</summary>
		<description>Can safely be deleted</description>
		<disclaimer></disclaimer>
		<platform>all</platform>
		<broken>This repo has now been deleted by the developer, you can find twinthers work on the official Kodi repo</broken>
	</extension>
</addon>

