<?xml version="1.0" encoding="UTF-8" standalone="yes"?>
<addon id="repository.nlview" name="NLView" version="0.0.0.1" provider-name="NLView">
    <extension point="xbmc.addon.repository" name="NLView Repository">
        <info compressed="true">http://reponlview.site88.net/repo/addons.xml</info>
        <checksum>http://reponlview.site88.net/repo/addons.xml.md5</checksum>
        <datadir zip="true">http://reponlview.site88.net/repo</datadir>
    </extension>
    <extension point="xbmc.addon.metadata">
        <summary>Hier kun je de addon NLView downloaden.</summary>
        <description>Dit is de repository van NLView.</description>
        <platform>all</platform>
        <broken>This repository has been deleted, it is no longer available</broken>
    </extension>
</addon>
