<?xml version="1.0" encoding="UTF-8" standalone="yes"?>

<addon id="repository.projectmrnetwork" name="Project MR Network" version="0.0.0.1" provider-name="Indiecrew, MalayRevolution Network">
	<extension point="xbmc.addon.repository" name="MR Network Repository">
		<info compressed="false">https://raw.githubusercontent.com/indiecrew/ProjectMRNetwork/master/addons.xml</info>
		<checksum>https://raw.githubusercontent.com/indiecrew/ProjectMRNetwork/master/addons.xml.md5</checksum>
		<datadir zip="true">https://raw.github.com/indiecrew/ProjectMRNetwork/master/zip/</datadir>
	</extension>
	<extension point="xbmc.addon.metadata">
	    <summary lang="en">Install Add-ons from MR Network Repository.</summary>
		<description lang="en">Download and install add-ons from MR Network repository. By using this repository you will be able to take advantage of cutting edge features our contributors constantly develop and update.</description>
		<disclaimer lang="en">MR Network will not responsible for all add-ons on this repository</disclaimer>
		<platform>all</platform>
	</extension>
</addon>