<?xml version="1.0" encoding="UTF-8"?>
    <addon id="repository.paradox" name="Paradox Repository" version="1.0.0" provider-name="Paradox Team">
        <requires>
            <import addon="xbmc.addon" version="12.0.0"/>
        </requires>
        <extension point="xbmc.addon.repository" name="Paradox Repository">
            <info compressed="false">http://paradoxwizard.co.uk/_repository/addons.xml</info>
            <checksum>http://paradoxwizard.co.uk/_repository/addons.xml.md5</checksum>
            <datadir zip="true">http://paradoxwizard.co.uk/_repository/</datadir>
            <hashes>false</hashes>
        </extension>
        <extension point="xbmc.addon.metadata">
            <summary>Paradox Kodi Build Repository</summary>
            <description>Paradox Kodi Build Repository</description>
            <platform>all</platform>
    </extension>
</addon>