<?xml version="1.0" encoding="UTF-8" standalone="yes"?>
<addon id="script.tvportal" name="TV Portal" version="1.1.2" provider-name="noobsandnerds.com (forked from original work by spoyser and DixieDean)">
    <requires>
        <import addon="xbmc.python" version="2.1.0"/>
        <import addon="script.module.requests" version="2.3.0"/>
        <import addon="script.module.simplejson" version="2.0.10"/>
        <import addon="script.module.elementtree" version="1.2.7"/>
        <import addon="script.tvportal.tools" version="1.1"/>
    </requires>
    <extension point="xbmc.python.script" library="addon.py" />
    <extension point="xbmc.service" library="service.py" start="login" />
    <extension point="xbmc.addon.metadata">
   <extension point="xbmc.python.pluginsource" library="addon.py">
        <provides>video</provides>
  </extension>
        <description>A fully customisable EPG which can link to any addons, streams and even PVR clients within Kodi. This is the only EPG that offers the ability to import your own XML TV listings (online or locally), convert into a fast responsive database and automatically update the database as and when the XML changes. Big thanks to twinther for the original TV Guide code and everone who worked on the On-Tapp.TV guide which this was originally forked from.</description>
        <platform>all</platform>
        <language></language>
        <license>GPLv2</license>
        <ref>e9d7a3db9aced083ea1eaa6b8e49df6e</ref>
    </extension>

	<extension point="kodi.context.item" library="osd.py">        
      <item>
        <label>TV Portal Mini-Guide</label>
        <visible>true</visible>
      </item>
	</extension>
</addon>
