<?xml version="1.0" encoding="UTF-8" standalone="yes"?>
<addon id="repository.eleazar" name="nickat's Kodi Add-on Repository" version="0.0.0.1" provider-name="nickat, eleazarcoding">
	<extension point="xbmc.addon.repository" name="nickat's Kodi Add-on Repository">
		<info compressed="false">https://offshoregit.com/eleazarcoding/eleazar-xbmc/raw/master/addons.xml</info>
		<checksum>https://offshoregit.com/eleazarcoding/eleazar-xbmc/raw/master/addons.xml.md5</checksum>
		<datadir zip="true">https://offshoregit.com/eleazarcoding/eleazar-xbmc/raw/master/</datadir>
	</extension>
	<extension point="xbmc.addon.metadata">
		<summary>nickat's Kodi Add-on Repository</summary>
		<description>nickat's Kodi Add-on Repository. Please visit www.tvaddons.ag for assistance with this add-on.</description>
		<platform>all</platform>
	    <forum>http://forums.tvaddons.ag/nickat-s-kodi-add-on-repository/</forum>
	    <website>http://www.tvaddons.ag/</website>
	</extension>
</addon>
