<?xml version="1.0" encoding="UTF-8" standalone="yes"?>
<addon id="repository.Torrent-Viewers-Tools" name="[COLOR FFFFD800]Torrent-Viewers-Tools[/COLOR] Repository" version="0.1.0" provider-name="mancuniancol">
	<extension point="xbmc.addon.repository" name="Torrent-Viewers-Tools Repository">
       <info>https://offshoregit.com/pulsarunofficial/Torrent-Viewers-Tools/addons.xml</info>
       <checksum>https://offshoregit.com/pulsarunofficial/Torrent-Viewers-Tools/addons.xml.md5</checksum>
       <datadir zip="true">https://offshoregit.com/pulsarunofficial/Torrent-Viewers-Tools/</datadir>
	</extension>		
	<extension point="xbmc.addon.metadata">
		<summary>Torrent Viewers Tools</summary>
		<description>Download and install Torrent-Viewers-Tools</description>
		<disclaimer>The owners and submitters to this repository do not host or distribute any of the content displayed by these addons nor do they have any affiliation with the content providers.</disclaimer>
		<website>http://tvaddons.ag/</website>
		<forum></forum>
		<platform>all</platform>
		<license>GNU GENERAL PUBLIC LICENSE. Version 3, June 2007</license>
	</extension>
</addon>
