﻿<?xml version="1.0" encoding="UTF-8" standalone="yes"?>
<addon id="repository.kodi-senyor" name="kodi senyor repository" version="0.0.0.1" provider-name="kodi senyor">
	<extension point="xbmc.addon.repository" name="kodi senyor repository">
			<info compressed="false">https://github.com/kobiko3030/repository.kodisenyor/raw/master/addons.xml</info>
			<checksum>https://github.com/kobiko3030/repository.kodisenyor/raw/master/addons.xml.md5</checksum>
			<datadir zip="true">https://github.com/kobiko3030/repository.kodisenyor/raw/master/Zips/</datadir>
	</extension>
	<extension point="xbmc.addon.metadata">
		<summary lang="en">kodi-senyor.co.il repo</summary>
		<description lang="en">kodi-senyor.co.il repo</description>
		<platform>all</platform>
	</extension>
</addon>

