<?xml version="1.0" encoding="UTF-8" standalone="yes"?>
<addon id="repository.rayw1986" name="RayW1986 Repo" version="2.2.0" provider-name="RayW1986">
	<extension point="xbmc.addon.repository" name="RayW1986 Repository">
		<info compressed="false">https://offshoregit.com/rayw1986/rayw1986-repo/addons.xml</info>
		<checksum>https://offshoregit.com/rayw1986/rayw1986-repo/addons.xml.md5</checksum>
		<datadir zip="true">https://offshoregit.com/rayw1986/rayw1986-repo/zips</datadir>
		<dir>
			<info compressed="false">https://offshoregit.com/tvaresolvers/tva-common-repository/raw/master/addons.xml</info>
			<checksum>https://offshoregit.com/tvaresolvers/tva-common-repository/raw/master/addons.xml.md5</checksum>
			<datadir zip="true">https://offshoregit.com/tvaresolvers/tva-common-repository/raw/master/zips/</datadir>
		</dir>
	</extension>
	<extension point="xbmc.addon.metadata">
		<summary>RayW1986's Repository</summary>
		<description>Download and install add-ons from RayW1986's Repository.</description>
		<platform>all</platform>
	</extension>
</addon>

