﻿<?xml version="1.0" encoding="UTF-8" standalone="yes"?>
<addon id="repository.lockedtv" name="Stream Supreme Repository" version="0.0.0.1" provider-name="Stream Supreme">
	<extension point="xbmc.addon.repository" name="Stream Supreme">
		<info compressed="false">http://repository.streamsupreme.co.uk/addons.xml</info>
		<checksum>http://repository.streamsupreme.co.uk/addons.xml.md5</checksum>
		<datadir zip="true">http://repository.streamsupreme.co.uk/</datadir>
	</extension>
	<extension point="xbmc.addon.metadata">
		<summary>Stream Supreme</summary>
		<description>Stream Supreme</description>
		<platform>all</platform>
	</extension>
</addon>

