<?xml version="1.0" encoding="UTF-8" standalone="yes"?>
<addon id="repository.mdrepo" name="Mucky Ducks Repo" version="0.0.0.1" provider-name="Mucky Duck">
	<extension point="xbmc.addon.repository" name="Mucky Ducks Repo">
		<info compressed="false">https://raw.githubusercontent.com/mucky-duck/mdrepo/master/addons.xml</info>
		<checksum>https://raw.githubusercontent.com/mucky-duck/mdrepo/master/addons.xml.md5</checksum>
		<datadir zip="true">https://raw.githubusercontent.com/mucky-duck/mdrepo/master/</datadir>
	</extension>
	<extension point="xbmc.addon.metadata">
		<summary>Mucky Ducks Repo</summary>
		<description>Download And Install Addons Developed By Mucky Duck And Various Other Developers </description>
		<disclaimer>The owners and submitters to this repository do not host or distribute any of the content displayed by these addons nor do they have any affiliation with the content providers.</disclaimer>
		<platform>all</platform>
	</extension>
</addon>

