<?xml version="1.0" encoding="UTF-8" standalone="yes"?>
<addon id="repository.tolin" name="TOLIN XBMC Add-on's" version="0.0.0.1" provider-name="tolin">
	<extension point="xbmc.addon.repository" name="TOLIN XBMC Add-on's">
		<info compressed="false">http://tolin-xbmc-repo.googlecode.com/svn/trunk/addons/addons.xml</info>
		<checksum>http://tolin-xbmc-repo.googlecode.com/svn/trunk/addons/addons.xml.md5</checksum>
		<datadir zip="false">http://tolin-xbmc-repo.googlecode.com/svn/trunk/addons/</datadir>
	</extension>
	<extension point="xbmc.addon.metadata">
		<summary>Install Add-on's from Tolin Repository</summary>
		<description>It' a popular Russian and International media resources for XBMC</description>
		<description>Это популярные Российские и Международные медиа ресурсы для XBMC</description>
		<disclaimer>All rights reserved</disclaimer>
		<platform>all</platform>
	</extension>
</addon>
