﻿<?xml version="1.0" encoding="UTF-8" standalone="yes"?>
<addon id="repository.googlecode.massive-pt" name="massivept addons" version="0.0.0.1" provider-name="massivept">
	<extension point="xbmc.addon.repository" name="massivept add-on repository">
		<info compressed="false">http://massive-pt.googlecode.com/svn/trunk/addons.xml</info>
		<checksum>http://massive-pt.googlecode.com/svn/trunk/addons.xml.md5</checksum>
		<datadir zip="true">http://massive-pt.googlecode.com/svn/trunk/</datadir>
	</extension>
	<extension point="xbmc.addon.metadata">
		<summary>Install Addons from massive-pt repository</summary>
		<description>Download and install addons from massivePT repository.</description>
		<platform>all</platform>
		<broken>This repo was on the old googlecode server and is no longer available</broken>
	</extension>
</addon>

