<?xml version="1.0" encoding="UTF-8" standalone="yes"?>
<addon
	id="repository.spacemonkey"
	name="SpaceMonkey's Addons"
	version="1.0.1"
	provider-name="SpaceMonkey">
	<extension point="xbmc.addon.repository"
        name="SpaceMonkey's Add-on Repository">
		<info>https://raw.github.com/atoiva/repository.spacemonkey/master/addons.xml</info> 
		<checksum>https://raw.github.com/atoiva/repository.spacemonkey/master/addons.xml.md5</checksum> 
		<datadir zip="true">https://raw.github.com/atoiva/repository.spacemonkey/master/</datadir>  
	</extension>
	<extension point="xbmc.addon.metadata">
		<summary>SpaceMonkey's Add-ons for XBMC</summary>
		<description>Download and install Add-ons for XBMC.</description>
		<disclaimer>-</disclaimer>
		<platform>all</platform>
	</extension>
</addon>