<?xml version="1.0" encoding="UTF-8" standalone="yes"?>
<addon id="repository.communityrepo" name="The Community Repository" version="0.0.0.1" provider-name="The @KodiCommunity Team">
	<extension point="xbmc.addon.repository" name="The Community Repository">
		<info compressed="false">http://cazwall.com/communityrepo/RepoPlugins/addons.xml</info>
		<checksum>http://cazwall.com/communityrepo/RepoPlugins/addons.xml.md5</checksum>
		<datadir zip="true">http://cazwall.com/communityrepo/RepoPlugins/</datadir>
	</extension>
	<extension point="xbmc.addon.metadata">
		<summary>@Kodicommunity Repository</summary>
		<description>" "The Community Repository" for all things from the @kodicommunity team currently hold skins and community wizards" massive thanks to appnetv for hosting the repo and also a special thanks to these guys @nathancrumpler1 (crumplestein) @kodicommunity @xeditz @dickothegeordie @hmemar #itonlygetsbetter @kodienthusiasts @nathancrumpler1 @kodicommunity</description>
		<platform>all</platform>
	</extension>
</addon>
