<?xml version="1.0" encoding="UTF-8" standalone="yes"?>
<addon id="repository.merlin" name="Merlin Repository" version="0.0.0.1" provider-name="Merlin By Ryan">
        <requires>
            <import addon="xbmc.addon" version="12.0.0"/>
        </requires>
		<extension point="xbmc.addon.repository" name="Merlin Repository">
			<info compressed="false">http://mwiz.co.uk/merlinrepo/addons.xml</info>
			<checksum>http://mwiz.co.uk/merlinrepo/addons.xml.md5</checksum>
			<datadir zip="true">http://mwiz.co.uk/merlinrepo/addons/</datadir>
		</extension>
		<extension point="xbmc.addon.metadata">
			<summary>Host Of Add-Ons And Repositories</summary>
			<description>Primary Function To Provide Updates To Merlin Builds! Any Other Add-Ons Or Repositories Within Are Provided At My Choice And Discretion, Will Provide Add-Ons And Repositories That Are Publicly Available, Permission Not Required To Do So! Hope You Find This Repository Useful, Enjoy!</description>
			<platform>all</platform>
		</extension>
</addon>