<?xml version="1.0" encoding="UTF-8" standalone="yes"?>
<addon id="repository.openelec-addons" name="francescosoft's XBMC REPO" version="0.0.0.1" provider-name="francescosoft">
	<extension point="xbmc.addon.repository" name="francescosoft's Addon Repository">
		<info compressed="false">http://github.com/francescosoft/openelec-addons/raw/master/addons.xml</info>
		<checksum>http://github.com/francescosoft/openelec-addons/raw/master/addons.xml.md5</checksum>
		<datadir zip="true">http://github.com/francescosoft/openelec-addons/raw/master/zips</datadir>
	</extension>
	<extension point="xbmc.addon.metadata">
		<summary>XBMC/OpenElec/RPI Addons</summary>
		<description>Download and install addons for XBMC and RPI.</description>
		<platform>all</platform>
	</extension>
</addon>

