<?xml version="1.0" encoding="UTF-8" standalone="yes"?>
<addon id="repository.beta.emby.kodi" name="Kodi Emby Beta Addons" version="0.0.0.1" provider-name="marcelveldt,angelblue05,im85288,xnappo,null_pointer">
	<requires>
		<import addon="xbmc.addon" version="12.0.0"/>
	</requires>
	<extension point="xbmc.addon.repository" name="Kodi Emby Beta Addons Repository">
		<info compressed="false">http://embydata.com/downloads/addons/xbmb3c/kodi-beta-repo/addons.xml</info>
		<checksum>http://embydata.com/downloads/addons/xbmb3c/kodi-beta-repo/addons.xml.md5</checksum>
		<datadir zip="true">http://embydata.com/downloads/addons/xbmb3c/kodi-beta-repo/</datadir>
	</extension>
	<extension point="xbmc.addon.metadata">
		<summary>Kodi Emby Addon Repository</summary>
		<description>This repo contains the Kodi Emby addon along with compatible Kodi skins</description>
		<disclaimer></disclaimer>
		<platform>all</platform>
	</extension>
</addon>
