<?xml version="1.0.1" encoding="UTF-8" standalone="yes"?>
<addon id="repository.wookie" name="Team Wookie Addon Repository" version="0.0.0.1" provider-name="Team Wookie">
	<extension point="xbmc.addon.repository" name="Team Wookie Addon Repository">
		<info compressed="false">http://raw.github.com/metalkettle/Team-Wookie/master/addons.xml</info>
		<checksum>http://raw.github.com/metalkettle/Team-Wookie/master/addons.xml.md5</checksum>
		<datadir zip="true">http://raw.github.com/metalkettle/Team-Wookie/master/zips</datadir>
	</extension>
	<extension point="xbmc.addon.metadata">
		<summary></summary>
		<description></description>
		<platform>all</platform>
	</extension>
</addon>
