﻿<?xml version="1.0" encoding="utf-8" standalone="yes"?>
<addon id="repository.googlecode.bogs-xbmc-addons"
name="Bog's Addons" version="0.0.0.1"
provider-name="bog.gob">
  <extension point="xbmc.addon.repository" name="Bog's Addons">
    <info compressed="false">	http://bogs-xbmc-addons.googlecode.com/svn/trunk/addons.xml</info>
    <checksum>					http://bogs-xbmc-addons.googlecode.com/svn/trunk/addons.xml.md5</checksum>
    <datadir zip="false">		http://bogs-xbmc-addons.googlecode.com/svn/trunk/</datadir>
  </extension>
  <extension point="xbmc.addon.metadata">
    <summary>Bog's Addons</summary>
    <description>Bog's Addons</description>
    <disclaimer></disclaimer>
    <platform>all</platform>
    <broken>This repo was on the old googlecode server and is no longer available</broken>
  </extension>
</addon>
