﻿<?xml version="1.0" encoding="UTF-8" standalone="yes"?>
<addon id="plugin.video.metalliq" name="MetalliQ" version="2.0.12" provider-name="OpenELEQ, Midraal">
	<requires>
		<import addon="xbmc.python" version="2.19.0"/>
		<import addon="repository.q" version="0.0.0.1"/>
		<import addon="script.module.requests" version="2.9.1"/>
		<import addon="script.module.futures" version="2.2.0"/>
	</requires>
	<extension point="xbmc.python.pluginsource" library="default.py">
		<provides>video audio</provides>
	</extension>
	<extension point="xbmc.service" library="service.py" start="[login|startup]">
	</extension>
	<extension point="kodi.context.item" library="context_toggle.py">
		<provides>executable</provides>	
			<item>
				<label>Preferred toggle</label>
				<visible>!System.HasAddon(context.metalliq) + !Skin.HasSetting(Toggling)</visible>
			</item>
	</extension>
	<extension point="kodi.context.item" library="context_movie.py">
		<provides>executable</provides>	
			<item>
				<label>$ADDON[plugin.video.metalliq 30602]</label>
				<visible>StringCompare(ListItem.dbtype,movie) + SubString(ListItem.Path, plugin.video.metalliq)</visible>
			</item>
	</extension>
	<extension point="kodi.context.item" library="context_tvshow.py">
		<provides>executable</provides>	
			<item>
				<label>$ADDON[plugin.video.metalliq 30602]</label>
				<visible>StringCompare(ListItem.dbtype,tvshow) + SubString(ListItem.Path, plugin.video.metalliq)</visible>
			</item>
	</extension>
	<extension point="kodi.context.item" library="context_live.py">
		<provides>executable</provides>	
			<item>
				<label>$ADDON[plugin.video.metalliq 30602]</label>
				<visible>[SubString(ListItem.FileNameAndPath, plugin.video.metalliq\\Live) | SubString(ListItem.FileNameAndPath, plugin.video.metalliq/Live)]</visible>
			</item>
	</extension>
	<extension point="kodi.context.item" library="context_playable.py">
		<provides>executable</provides>	
			<item>
				<label>$ADDON[plugin.video.metalliq 30622]</label>
				<visible>!System.HasAddon(context.metalliq) + !Skin.HasSetting(Contexting)</visible>
			</item>
	</extension>
	<extension point="xbmc.addon.metadata">
		<platform>all</platform>
		<language></language>
		<summary lang="en">TMDb, TVDb, Trakt, AudioDb and LastFM browser</summary>
		<description lang="en">Browse The MovieDb, The TVDb, Trakt, The AudioDb and LastFM and pass info along to library or an addon to try and play it. Needs player-files and the appropriate addon to actually play.</description>
		<summary lang="nl">Blader door TMDb, TVDb, Trakt, AudioDb en LastFM</summary>
		<description lang="nl">Blader door The MovieDb, The TVDb, Trakt, The AudioDb en LastFM en geef info door aan de bibliotheek of een addon om te proberen het af te spelen. Vereist player-bestanden en de bijbehorende addon om daadwerkelijk af te kunnen spelen.</description>
		<supportedcontent>
			<content>movies</content>
			<content>tvshows</content>
			<content>episodes</content>
			<content>musicvideos</content>
			<content>music</content>
			<content>livetv</content>
		</supportedcontent>
		<genre>movies,tv,music,livetv</genre>
		<!--<video_guide>yt-id</video_guide>
		<video_preview>yt-id</video_preview>-->
		<forum>http://www.noobsandnerds.com/support/showthread.php?tid=17118</forum>
		<source>https://github.com/OpenELEQ/repository.q/tree/master/zips/plugin.video.metalliq/</source>
		<email>OpenELEQ@gmail.com</email>
		<news>Added imdb option to parsed-tvshow-add-to-library path / Added setting to install custom players / Fixed tmdb movie search</news>
	</extension>
</addon>
