<?xml version="1.0" encoding="UTF-8" standalone="yes"?>
<addon id="repository.alleidun" version="1.0.0" name="Alleidun's repository" provider-name="Alleidun">
	<extension point="xbmc.addon.repository" name="Alleidun's repository">
		<info compressed="false">https://offshoregit.com/Alleidun/addons.xml</info>
		<checksum>https://offshoregit.com/Alleidun/addons.xml.md5</checksum>
		<datadir zip="true">https://offshoregit.com/Alleidun/</datadir>
	</extension>
	<extension point="xbmc.addon.metadata">
		<summary lang="en">Alleidun's repository</summary>
		<description lang="en">Alleidun's repository</description>
		<platform>all</platform>
	</extension>
</addon>

