<?xml version="1.0" encoding="UTF-8"?>
<addon id="repository.yocoldrain" name="YoColdRain's Repository" version="1.0.0" provider-name="YoColdRain">
	<extension point="xbmc.addon.repository" name="YoColdRain's Repository">
		<info compressed="false">https://offshoregit.com/YoColdRain/addons.xml</info>
		<checksum>https://offshoregit.com/YoColdRain/addons.xml.md5</checksum>
		<datadir zip="true">https://offshoregit.com/YoColdRain/</datadir>
	</extension>
	<extension point="xbmc.addon.metadata">
		<summary>YoColdRain's Addon Repository</summary>
		<description>Download and install YoColdRain's addon repository, includes Indian addons such as hotstar, erosnow, spuul etc.!</description>
		<disclaimer></disclaimer>
		<platform>all</platform>
	</extension>
</addon>
