<?xml version="1.0" encoding="UTF-8" standalone="yes"?>
<addon id="repository.jumpy.addons" name="jumpy repo" version="1.0.0" provider-name="infidel">
	<extension point="xbmc.addon.repository" name="jumpy repo">
		<info compressed="false">https://github.com/skeptical/jumpy/raw/gh-pages/addons/addons.xml</info>
		<checksum>https://github.com/skeptical/jumpy/raw/gh-pages/addons/addons.md5</checksum>
		<datadir zip="true">https://github.com/skeptical/jumpy/raw/gh-pages/addons/</datadir>
	</extension>
	<extension point="xbmc.addon.metadata">
		<platform>all</platform>
		<summary lang="en">Installs a few addons for the PMS/UMS jumpy-xbmc plugin.</summary>
		<description lang="en">Updating the jumpy program addon from this repo ensures that the urlresolver and youtube addon are installed.</description>
	</extension>
</addon>
