<?xml version="1.0" encoding="UTF-8" standalone="yes"?>
<addon id="repository.FTV-Guide-Repo" name="FTV Guide Repo" version="0.0.0.1" provider-name="rayw1986, bluezed">
	<extension point="xbmc.addon.repository" name="FTV Guide Repository">
		<info compressed="false">http://raw.github.com/bluezed/FTV-Guide-Repo/master/addons.xml</info>
		<checksum>http://raw.github.com/bluezed/FTV-Guide-Repo/master/addons.xml.md5</checksum>
		<datadir zip="true">http://raw.github.com/bluezed/FTV-Guide-Repo/master/zips</datadir>
	</extension>
	<extension point="xbmc.addon.metadata">
		<summary>FTV Guide Repository</summary>
		<description>Download and install the FTV Guide addon. For OFFICIAL Support Visit TVADDONS.AG</description>
		<platform>all</platform>
	</extension>
</addon>

