<?xml version="1.0" encoding="UTF-8" standalone="yes"?>
<addon id="repository.traitravinh" name="TraiTraVinh's Testing Repo" version="0.0.0.1" provider-name="traitravinh">
	<extension point="xbmc.addon.repository" name="TraiTraVinh's Testing Repo">
		<info compressed="false">https://raw.github.com/traitravinh/traitravinh.repository.xbmc/master/addons.xml</info>
		<checksum>https://raw.github.com/traitravinh/traitravinh.repository.xbmc/master/addons.xml.md5</checksum>
		<datadir zip="true">https://raw.github.com/traitravinh/traitravinh.repository.xbmc/master/zips</datadir>
	</extension>
	<extension point="xbmc.addon.metadata">
		<summary>Testing repo</summary>
		<description>Testing repo</description>
		<disclaimer></disclaimer>
		<platform>all</platform>
	</extension>
</addon>
