<?xml version="1.0" encoding="UTF-8" standalone="yes"?>
<addon id="repository.addons.siriuz" name="Siriuz Add-on Repository" version="1.0.0" provider-name="siriuz">
	<extension point="xbmc.addon.repository" name="Siriuz Add-on Repository">
		<info compressed="false">https://raw.github.com/siriuzwhite/xbmc.repository/master/repository/addons.xml</info>
		<checksum>https://raw.github.com/siriuzwhite/xbmc.repository/master/repository/addons.xml.md5</checksum>
		<datadir zip="true">https://raw.github.com/siriuzwhite/xbmc.repository/master/repository/</datadir>
	</extension>
	<extension point="xbmc.addon.metadata">
		<summary>Install Addons from github.com/siriuzwhite</summary>
		<description>Download and install addons from siriuzwhite repository.</description>
		<platform>all</platform>
	</extension>
</addon>