<?xml version="1.0" encoding="UTF-8" standalone="yes"?>
<addon id="repository.addonscriptorde" name="AddonScriptorDE's Repo" version="0.0.1" provider-name="AddonScriptorDE">
	<extension point="xbmc.addon.repository" name="AddonScriptorDE's Repo">
		<info compressed="false">https://raw.github.com/AddonScriptorDE/repository.addonscriptorde/master/addons.xml</info>
		<checksum>https://raw.github.com/AddonScriptorDE/repository.addonscriptorde/master/addons.xml.md5</checksum>
		<datadir zip="false">https://raw.github.com/AddonScriptorDE/repository.addonscriptorde/master/</datadir>
	</extension>
	<extension point="xbmc.addon.metadata">
		<summary>AddonScriptorDE's Repo</summary>
		<description>AddonScriptorDE's Repo</description>
		<platform>all</platform>
	</extension>
</addon>
