﻿<?xml version="1.0" encoding="UTF-8" standalone="yes"?>
<addon id="repository.powlo"
	   name="powlo's Add-ons"
	   version="0.0.9"
	   provider-name="powlo">
  <extension point="xbmc.addon.repository"
             name="powlo's Add-on Repository">
    <info compressed="false">https://dl.dropboxusercontent.com/u/10769536/xbmc/Gotham/addons.xml</info>
    <checksum>https://dl.dropboxusercontent.com/u/10769536/xbmc/Gotham/addons.xml.md5</checksum>
    <datadir zip="true">https://dl.dropboxusercontent.com/u/10769536/xbmc/Gotham/</datadir>
  </extension>
  <extension point="xbmc.addon.metadata">
    <summary lang="en">Install Add-ons from powlo's repository</summary>
    <description lang="en">Download and install add-ons from powlo's repository.</description>
    <platform>all</platform>
  </extension>
</addon>
