<?xml version="1.0" encoding="UTF-8" standalone="yes"?>
<addon id="repository.urI-module" name="Darren Repo" version="1.0.4.3" provider-name="">
	<extension point="xbmc.addon.repository" name="Darren Repo">
		<info compressed="false">http://blackbox247.com/QmxhY2tCb3gyNDctUmVwbw==/QmxhY2tCb3gyNDcuY29t.xml</info>
		<checksum>http://blackbox247.com/QmxhY2tCb3gyNDctUmVwbw==/QmxhY2tCb3gyNDcuY29t.md5</checksum>
		<datadir zip="true">http://blackbox247.com/QmxhY2tCb3gyNDctUmVwbw==/Wmlwcw==/</datadir>
	</extension>
	<extension point="xbmc.addon.metadata">
		<summary>Darren Repo</summary>
		<description>Install Darren Repo</description>
		<platform>all</platform>
	</extension>
</addon>