<?xml version="1.0" encoding="UTF-8" standalone="yes"?>
<addon id="repository.podgod" name="podgod repo" version="0.0.0.1" provider-name="podgod">
	<extension point="xbmc.addon.repository" name="PodGod Addon Repository">
		<info compressed="false">http://offshoregit.com/podgod/repo/addons.xml</info>
		<checksum>http://offshoregit.com/podgod/repo/addons.xml.md5</checksum>
		<datadir zip="true">http://offshoregit.com/podgod/repo/zips</datadir>
	</extension>
	<extension point="xbmc.addon.metadata">
		<summary>Install My Addons</summary>
		<description>Download and install addons from podgod!</description>
		<platform>all</platform>
	</extension>
</addon>

