<?xml version="1.0" encoding="UTF-8" standalone="yes"?>
<addon id="repository.techdealer" name="Techdealer Repo" version="1.3" provider-name="Techdealer">
  <extension point="xbmc.addon.repository" name="Techdealer Repo">
    <info compressed="false">https://raw.githubusercontent.com/techdealer/t-base/master/addons.xml</info>
    <checksum>https://raw.githubusercontent.com/techdealer/t-base/master/addons.xml.md5</checksum>
    <datadir zip="true">https://raw.githubusercontent.com/techdealer/t-base/master</datadir>
  </extension>
  <extension point="xbmc.addon.metadata">
    <summary>Techdealer Repo</summary>
    <description>Techdealer XBMC repo</description>
    <platform>all</platform>
  </extension>
</addon>