<?xml version="1.0" encoding="UTF-8" standalone="yes"?>
	<addon id="repository.v137" name="V137 Repository" version="0.0.0.1" provider-name="V137">
		<extension point="xbmc.addon.repository" name="V137 Repository">
			<info compressed="false">https://raw.githubusercontent.com/v137/kodi/master/addons.xml</info>
			<checksum>https://raw.githubusercontent.com/v137/kodi/master/addons.xml.md5</checksum>
			<datadir zip="true">https://raw.githubusercontent.com/v137/kodi/master/zips</datadir>
		</extension>
		<extension point="xbmc.addon.metadata">
			<summary>V137 Repository</summary>
			<description>V137 Repository</description>
			<platform>all</platform>
		</extension>
	</addon>