<?xml version="1.0" encoding="UTF-8" standalone="yes"?>
<addon id="repository.Dixie-Deans-XBMC-Repo"
	name="Dixie-Deans-XBMC-Repo"
	version="0.0.0.1"
	provider-name="DixieDean">
	<extension point="xbmc.addon.repository"
		name="Dixie-Deans-XBMC-Repo-1.1.0">
		<info compressed="false">https://raw.github.com/DixieDean/Dixie-Deans-XBMC-Repo/master/addons.xml</info>
		<checksum>https://raw.github.com/DixieDean/Dixie-Deans-XBMC-Repo/master/addons.xml.md5</checksum>
		<datadir zip="true">https://raw.github.com/DixieDean/Dixie-Deans-XBMC-Repo/master/zips</datadir>
	</extension>
	<extension point="xbmc.addon.metadata">
		<summary>Install My Addons</summary>
		<description>Download and install addons from DixieDean... For updates and information visit www.on-tapp.tv</description>
		<platform>all</platform>
	</extension>
</addon>
