<?xml version="1.0" encoding="UTF-8" standalone="yes"?>
<addon id="repository.addonmaster" name="addonmaster Add-on repository" version="1.2.0" provider-name="addonmaster">
    <extension point="xbmc.addon.repository" name="addonmaster Add-on repository">
        <info compressed="false">https://offshoregit.com/Addonmaster/addonmaster-repo/addons.xml</info>
        <checksum>https://offshoregit.com/Addonmaster/addonmaster-repo/addons.xml.md5</checksum>
        <datadir zip="true">https://offshoregit.com/Addonmaster/addonmaster-repo/</datadir>
    </extension>
    <extension point="xbmc.addon.metadata">
        <summary lang="en">Install Add-ons from addonmaster</summary>
        <description lang="en">Download and install add-ons from addonmaster repository.</description>
        <platform>all</platform>
    </extension>
</addon>