<?xml version="1.0" encoding="UTF-8" standalone="yes"?>
<addon id="repository.anteo" name="Anteo's Add-on Repository" version="0.0.1" provider-name="anteo">
    <extension point="xbmc.addon.repository" name="Anteo's Add-on Repository">
        <info compressed="false">https://raw.githubusercontent.com/anteo/xbmc.repository/master/addons.xml</info>
        <checksum>https://raw.githubusercontent.com/anteo/xbmc.repository/master/addons.xml.md5</checksum>
        <datadir zip="true">https://raw.githubusercontent.com/anteo/xbmc.repository/master</datadir>
    </extension>
    <extension point="xbmc.addon.metadata">
        <summary lang="en">Anteo's addons</summary>
        <description lang="en">Download and install addons by Anteo</description>
        <summary lang="ru">Репозиторий Anteo</summary>
        <description lang="ru">Скачивание и установка плагинов от Anteo</description>
        <platform>all</platform>
    </extension>
</addon>
