<addon id="repo.prostreams" name="ProStreams TV Guide Add-on" version="0.0.1" provider-name="ProStreams">
	<extension point="xbmc.addon.repository" name="Pro streams TV Guide Repository">
		<info compressed="false">https://raw.githubusercontent.com/prostreams/repo/master/addons.xml</info>
		<checksum>https://raw.githubusercontent.com/prostreams/repo/master/addons.xml.md5</checksum>
		<datadir zip="true">https://raw.githubusercontent.com/prostreams/repo/master/</datadir>
	</extension>
	<extension point="xbmc.addon.metadata">
		<summary>Install ProStreams Dedicated TV Guide </summary>
		<description>Download and install Routine for prostreams addons </description>
		<disclaimer> Repository for the Dedicated ProStreams Tv guide addon </disclaimer>
		<platform>all</platform>
	</extension>
</addon>