<?xml version="1.0" encoding="UTF-8"?>
    <addon id="repository.jericho" name="[B][COLOR yellow]Jericho[/COLOR][/B]" version="0.0.0.1" provider-name="jericho">
        <requires>
            <import addon="xbmc.addon" version="12.0.0"/>
        </requires>
        <extension point="xbmc.addon.repository" name="Jericho Repository">
            <info compressed="false">http://raw.github.com/jericho-2016/Jericho/master/addons.xml</info>
            <checksum>http://raw.github.com/jericho-2016/Jericho/master/addons.xml.md5</checksum>
            <datadir zip="true">http://raw.github.com/jericho-2016/Jericho/master</datadir>
            <hashes>false</hashes>
        </extension>
        <extension point="xbmc.addon.metadata">
            <summary></summary>
			<description></description>
			<disclaimer></disclaimer>
            <platform>all</platform>
    </extension>
</addon>