﻿<?xml version="1.0" encoding="UTF-8" standalone="yes"?>
<addon id="repository.Mr-Smiths-Repo" name="Mr-Smiths-Repo" version="0.0.0.1" provider-name="Mr-Smith">
	<extension point="xbmc.addon.repository" name="Mr-Smiths-Repo">
			<info compressed="false">https://raw.githubusercontent.com/djjohnnyb15/Mr-Smiths-Repo/master/addons.xml</info>
			<checksum>https://raw.githubusercontent.com/djjohnnyb15/Mr-Smiths-Repo/master/addons.xml.md5</checksum>
			<datadir zip="true">https://raw.githubusercontent.com/djjohnnyb15/Mr-Smiths-Repo/master/zips</datadir>
	</extension>
	<extension point="xbmc.addon.metadata">
		<summary lang="en">Install Add-ons from Mr-Smiths-Repo</summary>
		<description lang="en">Download and install add-ons Mr-Smiths-Repo.</description>
		<platform>all</platform>
	</extension>
</addon>