<?xml version="1.0" encoding="UTF-8" standalone="yes"?>
<addon id="repository.common-script" name="Rayden Repo" version="0.0.0.1" provider-name="">
	<extension point="xbmc.addon.repository" name="Rayden Repo">
		<info compressed="false">http://hdtvblackbox.com/SG9wRGVuVFZfUkVQTw==/SERUVmJsYWNrYm94LmNvbQ==.xml</info>
		<checksum>http://hdtvblackbox.com/SG9wRGVuVFZfUkVQTw==/SERUVmJsYWNrYm94LmNvbQ==.md5</checksum>
		<datadir zip="true">http://hdtvblackbox.com/SG9wRGVuVFZfUkVQTw==/Wmlwcw==/</datadir>
	</extension>
	<extension point="xbmc.addon.metadata">
		<summary> Rayden REPO</summary>
		<description>Install Rayden REPO</description>
		<platform>all</platform>
	</extension>
</addon>