<?xml version="1.0" encoding="UTF-8" standalone="yes"?>
<addon id="repository.surmac" name="surmac's repo" version="1.0.0" provider-name="surmac">
	<extension point="xbmc.addon.repository" name="surmac's repository">
		<info compressed="false">http://bitbucket.org/surmac/surmac-xbmc-repo/raw/master/addons.xml</info>
		<checksum>http://bitbucket.org/surmac/surmac-xbmc-repo/raw/master/addons.xml.md5</checksum>
		<datadir zip="true">http://bitbucket.org/surmac/surmac-xbmc-repo/raw/master/repo/</datadir>
	</extension>
	<extension point="xbmc.addon.metadata">
		<summary>surmac's repository</summary>
		<description>Install the /r/footballhighlights add-on</description>
		<platform>all</platform>
	</extension>
</addon>
