<?xml version="1.0" encoding="UTF-8" standalone="yes"?>
<addon id="repository.xbmcmania.helix" name="Repositorio oficial de XBMCMania - Helix" version="0.0.0.1" provider-name="Tocinillo">
	<extension point="xbmc.addon.repository" name="Repositorio oficial de XBMCMania">
		<info compressed="false">https://repository-xbmcmania.googlecode.com/svn/trunk/Helix/addons.xml</info>
		<checksum>https://repository-xbmcmania.googlecode.com/svn/trunk/Helix/addons.xml.md5</checksum>
		<datadir zip="true">https://repository-xbmcmania.googlecode.com/svn/trunk/Helix</datadir>
	</extension>
	<extension point="xbmc.addon.metadata">
		<summary>Repositorio oficial de XBMCMania, descarga e instala cientos de add-ons en español</summary>
		<description>Repositorio oficial de XBMCMania, descarga e instala cientos de add-ons en español</description>
		<disclaimer></disclaimer>
		<platform>all</platform>
	</extension>
</addon>
