﻿<?xml version="1.0" encoding="UTF-8" standalone="yes"?>
<addon id="repository.VinManJSV" name="VinmanJSV REPO" version="0.0.0.1" provider-name="Vinman_sv">
	<extension point="xbmc.addon.repository" name="VinManJSV REPO">
        <info compressed="false">https://offshoregit.com/VinManJSV/repo/raw/master/addons.xml</info>
        <checksum>https://offshoregit.com/VinManJSV/repo/raw/master/addons.xml.md5</checksum>
        <datadir zip="true">https://offshoregit.com/VinManJSV/repo/raw/master/zips</datadir>
    </extension>
    <extension point="xbmc.addon.metadata">
        <summary>Install VinManJSV Addons</summary>
        <description></description>
        <platform>all</platform>
    </extension>
</addon>
