﻿<?xml version="1.0" encoding="UTF-8" standalone="yes"?>
<addon id="repository.thevibe" name="TheVibe Team Repository" version="0.0.0.1" provider-name="TheVibe Team">
  <extension point="xbmc.addon.repository" name=".TheVibe Repository ">
    <info compressed="false">https://github.com/teamThevibe/repository.thevibe/raw/master/Repo/addons.xml</info>
    <checksum>https://github.com/teamThevibe/repository.thevibe/raw/master/Repo/addons.xml.md5</checksum>
    <datadir zip="true">http://repo.the-vibe.co.il/Get</datadir>
  </extension>
  <extension point="xbmc.addon.metadata">
    <summary>The-Vibe Team Repository</summary>
    <description>The-Vibe Team Repository</description>
    <platform>all</platform>
    <website>http://www.the-vibe.co.il</website>
  </extension>
</addon>
