﻿<?xml version="1.0" encoding="UTF-8" standalone="yes"?>
<addon id="rogger.repository" name="rogger repository" version="0.0.0.1" provider-name="rogger2">
	<extension point="xbmc.addon.repository" name="rogger Add-on Repository">
		<info compressed="false">http://raw.github.com/rogger2/rogger.repository/master/addons.xml</info>
		<checksum>http://raw.github.com/rogger2/rogger.repository/master/addons.xml.md5</checksum>
		<datadir zip="true">http://raw.github.com/rogger2/rogger.repository/master/repo/</datadir>
	</extension>
	<extension point="xbmc.addon.metadata">
		<summary>rogger Addon</summary>
		<description>Addon Description</description>
		<disclaimer></disclaimer>
		<platform>all</platform>
	</extension>
</addon>