<?xml version="1.0" encoding="UTF-8"?>
<addon id="repository.Twilight0" name="Twilight0 Addon Repository" version="0.0.0.1" provider-name="Twilight0">
    <extension point="xbmc.addon.repository" name="Twilight0 Addon Repository">
            <info compressed="false">https://raw.githubusercontent.com/Twilight0/repo.twilight0/master/_repo/addons.xml</info>
            <checksum>https://raw.githubusercontent.com/Twilight0/repo.twilight0/master/_repo/addons.xml.md5</checksum>
            <datadir zip="true">https://raw.githubusercontent.com/Twilight0/repo.twilight0/master/_repo/</datadir>
            <hashes>false</hashes>
    </extension>
    <extension point="xbmc.addon.metadata">
            <summary>Repository for Greek TV and Tune-In Radio add-ons</summary>
            <description></description>
            <platform>all</platform>
    </extension>
</addon>