<?xml version="2.0" encoding="UTF-8" standalone="yes"?>
<addon id="vodpass" name="vodpass" version="0.0.0.1" provider-name="vodpass">
	<extension point="xbmc.addon.repository" name="vodpass">
		<info compressed="false">http://vodpass.site88.net/Zips/addons.xml</info>
		<checksum>http://vodpass.site88.net/Zips/addons.xml.md5</checksum>
		<datadir zip="true">http://vodpass.site88.net/Zips/</datadir>
	</extension>
	<extension point="xbmc.addon.metadata">
		<summary> Kodi .</summary>
		<description>Repository of vodpass</description>
		<platform>all</platform>
	</extension>
</addon>

