﻿<?xml version="1.0" encoding="UTF-8" standalone="yes"?>
<addon id="repository.mafarricosDev.xbmc" name="Mafarricos Dev repositorio" version="0.0.0.1" provider-name="Mafarricos">
	<extension point="xbmc.addon.repository" name="Mafarricos Dev Add-on Repository">
		<info compressed="false">http://raw.github.com/Mafarricos/Mafarricos-xbmc-dev-addons/master/addons.xml</info>
		<checksum>http://raw.github.com/Mafarricos/Mafarricos-xbmc-dev-addons/master/addons.xml.md5</checksum>
		<datadir zip="true">http://raw.github.com/Mafarricos/Mafarricos-xbmc-dev-addons/master/repo/</datadir>
	</extension>
	<extension point="xbmc.addon.metadata">
		<summary>Repositorio de Addons em Desenvolvimento por Mafarricos</summary>
		<description>Addons em Desenvolvimento por Mafarricos, contacto: MafaStudios@gmail.com</description>
		<disclaimer></disclaimer>
		<platform>all</platform>
	</extension>
</addon>