<?xml version="1.0" encoding="UTF-8" standalone="yes"?>
<addon id="repository.build" name="[B][COLOR palegreen]DOKI TV[/COLOR] [COLOR white]BUILD Repository[/COLOR][/B]" version="1.2.1" provider-name="DOKITV.NL Crew">
    <extension point="xbmc.addon.repository" name="DOKI TV Repository">
            <info compressed="false">https://raw.githubusercontent.com/doki1/build/master/addons.xml</info>
            <checksum>https://raw.githubusercontent.com/doki1/build/master/addons.xml.md5</checksum>
            <datadir zip="true">https://raw.githubusercontent.com/doki1/build/master/zips/</datadir>
    </extension>
    <extension point="xbmc.addon.metadata">
        <summary>DOKI</summary>
        <description>Dit is de repository van de DOKI TV BUILD</description>
        <platform>all</platform>
    </extension>
</addon>
