<?xml version="1.0" encoding="UTF-8" standalone="yes"?>
<addon id="repository.iamchief" name="IAMCHIEF Repository" version="1.0.3" provider-name="iamchief">
 <extension point="xbmc.addon.repository" name="IAMCHIEF Repository">
  <dir>
   <info compressed="false">
    https://offshoregit.com/tvaresolvers/tva-common-repository/raw/master/addons.xml
   </info>
   <checksum>
    https://offshoregit.com/tvaresolvers/tva-common-repository/raw/master/addons.xml.md5
   </checksum>
   <datadir zip="true">
    https://offshoregit.com/tvaresolvers/tva-common-repository/raw/master/zips/
   </datadir>
  </dir>
  <info compressed="false">https://offshoregit.com/iamchief/iamchief-repo/addons.xml</info>
  <checksum>https://offshoregit.com/iamchief/iamchief-repo/addons.xml.md5</checksum>
  <datadir zip="true">https://offshoregit.com/iamchief/iamchief-repo/zips/</datadir>
 </extension>
 <extension point="xbmc.addon.metadata">
  <summary>IAMCHIEF Repo for Kodi</summary>
  <description>IAMCHIEF Repo for Kodi</description>
  <platform>all</platform>
 </extension>
</addon>
