<?xml version="1.0" encoding="UTF-8" standalone="yes"?>
<addon id="repository.shani" name="Shanis Addon Repository" version="0.0.0.1" provider-name="Shani">
	<extension point="xbmc.addon.repository" name="Shanis Addon Repository">
    <dir>
            <info compressed="false">https://raw.github.com/Shani-08/ShaniXBMCWork2/master/addons.xml</info>
            <checksum>https://raw.github.com/Shani-08/ShaniXBMCWork2/master/addons.xml.md5</checksum>
            <datadir zip="true">https://raw.github.com/Shani-08/ShaniXBMCWork2/master/zips</datadir>
    </dir>
    
    <info compressed="false">https://offshoregit.com/Shani-08/main/addons.xml</info>
    <checksum>https://offshoregit.com/Shani-08/main/addons.xml.md5</checksum>
    <datadir zip="true">https://offshoregit.com/Shani-08/main/zips</datadir>

	</extension>
	<extension point="xbmc.addon.metadata">
		<summary>Addons related to XBMC for Zemtv etc</summary>
		<description>Go though the plugins and see what you like</description>
		<platform>all</platform>
	</extension>
</addon>
