<?xml version="1.0" encoding="UTF-8"?>
<addon id="repository.gbzygil-IndianMovies" name="gbzygil's XBMC Addons" version="1.0.1" provider-name="gbzygil">
	<extension point="xbmc.addon.repository" name="gbzygil's XBMC Addon Repository">
		<info compressed="false">https://raw.githubusercontent.com/gbzygil/gbzygil-xbmc-repo/master/addons.xml</info>
		<checksum>https://raw.githubusercontent.com/gbzygil/gbzygil-xbmc-repo/master/addons.xml.md5</checksum>
		<datadir zip="true">https://github.com/gbzygil/gbzygil-xbmc-repo/raw/master/</datadir>
	</extension>
	<extension point="xbmc.addon.metadata">
		<summary>gbzygil's Addon Repository</summary>
		<description>Download and install gbzygil's addon repository, home of the olangal.com and rajtamil.com addons!</description>
		<disclaimer>The owners and submitters to this repository do not host or distribute any of the content displayed by these addons nor do they have any affiliation with the content providers.</disclaimer>
		<platform>all</platform>
	</extension>
</addon>
