<?xml version="1.0" encoding="UTF-8" standalone="yes"?>
<addon id="repository.1orgar" name="1orgar repo" version="0.0.0.1" provider-name="1orgar">
	<extension point="xbmc.addon.repository" name="1orgar repo">
		<info compressed="false">https://github.com/1orgar/kodi/raw/master/addons.xml</info>
		<checksum>https://github.com/1orgar/kodi/raw/master/addons.xml.md5</checksum>
		<datadir zip="true">https://github.com/1orgar/kodi/raw/master/zips/</datadir>
	</extension>
	<extension point="xbmc.addon.metadata">
		<summary>Дополнения из репозитория 1orgar</summary>
		<description>Дополнения для Kodi</description>
		<disclaimer>1orgar</disclaimer>
		<platform>all</platform>
	</extension>
</addon>