<?xml version="1.0" encoding="UTF-8" standalone="yes"?>
<addon id="xbmc.repo.hitcher" name="Hitcher's repository" version="0.0.0.1" provider-name="Hitcher">
	<extension point="xbmc.addon.repository" name="Hitcher's Add-on Repository">
		<info>http://dl.dropbox.com/u/19745842/Repo/addons.xml</info>
		<checksum>http://dl.dropbox.com/u/19745842/Repo/addons.xml.md5</checksum>
		<datadir zip="true">http://dl.dropbox.com/u/19745842/Repo</datadir>
	</extension>
	<extension point="xbmc.addon.metadata">
		<summary>Hitcher's Add-ons for XBMC</summary>
		<description>Download and install Add-ons for XBMC.</description>
		<disclaimer>If it breaks, you get to keep the pieces</disclaimer>
		<platform>all</platform>
		<broken>Repository removed by developer, no longer available</broken>
	</extension>
</addon>