<?xml version="1.0" encoding="UTF-8"?>
    <addon id="repository.underground" name="underground" version="0.0.0.1" provider-name="Neo - Underground / Inside 4ndroid">
        <requires>
            <import addon="xbmc.addon" version="12.0.0"/>
        </requires>
        <extension point="xbmc.addon.repository" name="underground">
            <info compressed="false">http://inside4ndroid.com/kdi/macman/_addons/addons.xml</info>
            <checksum>http://inside4ndroid.com/kdi/macman/_addons/addons.xml.md5</checksum>
            <datadir zip="true">http://inside4ndroid.com/kdi/underground/_addons/</datadir>
            <hashes>false</hashes>
        </extension>
        <extension point="xbmc.addon.metadata">
            <summary>Underground / Inside 4ndroid Kodi Addons</summary>
            <description>Underground / Inside 4ndroid Kodi Addons</description>
            <platform>all</platform>
    </extension>
</addon>