<?xml version="1.0" encoding="UTF-8" standalone="yes"?>
<addon id="repository.divingmule.addons" name="divingmule's Unofficial Repository" version="1.0.0">
	<extension point="xbmc.addon.repository" name="divingmule's Unofficial Repository">
		<info compressed="false">http://divingmules-repo.googlecode.com/svn/trunk/addons.xml</info>
		<checksum>http://divingmules-repo.googlecode.com/svn/trunk/addons.xml.md5</checksum>
		<datadir zip="false">http://divingmules-repo.googlecode.com/svn/trunk/</datadir>
	</extension>
	<extension point="xbmc.addon.metadata">
		<summary>Add-ons that arn't in the official XBMC repository.</summary>
		<description>Add-ons for XBMC, sometimes are a work in progress.</description>
		<disclaimer></disclaimer>
		<platform>all</platform>
        <broken>This repo was on the old googlecode server and is no longer available</broken>
	</extension>
</addon>
