<?xml version="1.0" encoding="UTF-8" standalone="yes"?>
<addon id="repository.eracknaphobia" name="eracknaphobia's Repo" version="1.0.0" provider-name="eracknaphobia">
	<extension point="xbmc.addon.repository" name="eracknaphobia's Repo">
		<info compressed="false">https://github.com/eracknaphobia/repo.eracknaphobia/raw/master/addons.xml</info>
		<checksum>https://github.com/eracknaphobia/repo.eracknaphobia/raw/master/addons.xml.md5</checksum>
		<datadir zip="true">https://github.com/eracknaphobia/repo.eracknaphobia/raw/master/addons/</datadir>
	</extension>
	<extension point="xbmc.addon.metadata">
		<summary>eracknaphobia's Repo</summary>
		<description>eracknaphobia's Repo</description>
		<platform>all</platform>
	</extension>
</addon>
