<?xml version="1.0" encoding="UTF-8" standalone="yes"?>
<addon id="repository.saturn" name="Saturn" version="0.0.0.1" provider-name="KMitech">
	<extension point="xbmc.addon.repository" name="Saturn">
		<info compressed="false">http://kmitechtvrepo.comli.com/Plugins/addons.xml</info>
		<checksum>http://kmitechtvrepo.comli.com/Plugins/addons.xml.md5</checksum>
		<datadir zip="true">http://kmitechtvrepo.comli.com/Plugins/</datadir>
	</extension>
	<extension point="xbmc.addon.metadata">
		<summary>video addon.</summary>
		<description>Live Tv and Movies</description>
		<platform>all</platform>
	</extension>
</addon>

