<?xml version="1.0" encoding="UTF-8" standalone="yes"?>
<addon id="repository.BlazeRepo" name="Blazetamer's Repository" version="0.0.0.1" provider-name="Blazetamer">
<extension point="xbmc.addon.repository" name="Blaztamer's Addon Repository">
    <dir>
	        <info compressed="false">https://offshoregit.com/tvaresolvers/tva-common-repository/raw/master/addons.xml</info>
	        <checksum>https://offshoregit.com/tvaresolvers/tva-common-repository/raw/master/addons.xml.md5</checksum>
	        <datadir zip="true">https://offshoregit.com/tvaresolvers/tva-common-repository/raw/master/zips/</datadir>
    </dir>
    <dir>
            <info compressed="false">https://offshoregit.com/Blazetamer/repo/raw/master/addons.xml</info>
            <checksum>https://offshoregit.com/Blazetamer/repo/raw/master/addons.xml.md5</checksum>
            <datadir zip="true">https://offshoregit.com/Blazetamer/repo/raw/master/zips</datadir>
    </dir>

</extension>
<extension point="xbmc.addon.metadata">
<summary>Install all of Blazetamer's Addons</summary>
<description>Download and install addons from Blazetamer.......For Official Support Visit TVADDONS.AG</description>
<platform>all</platform>
</extension>
</addon>