<?xml version="1.0" encoding="UTF-8"?>
<addon id="repository.xbmc-czech.sf.net"
       version="0.0.0.1"
       name="XBMC-Czech Repository (xbmc-czech.sf.net)"
       provider-name="Tomas Pokorny">
  <requires>
    <import addon="xbmc.addon" version="0.1"/>
  </requires>
  <extension point="xbmc.addon.repository"
              name="xbmc-czech.sf.net addons repository">
    <info compressed="true">http://xbmc-czech.sf.net/addons/addons.xml</info>
    <checksum>http://xbmc-czech.sf.net/addons/addons.xml.md5</checksum>
    <datadir zip="true">http://xbmc-czech.sf.net/addons/</datadir>
  </extension>
  <extension point="xbmc.addon.metadata">
    <summary>XBMC-Czech Repository (xbmc-czech.sf.net)</summary>
    <description>
      Addons repository on xbmc-czech.sf.net
      
      This repository contains plugins for czech XBMC-users.
      
      For example video plugins for playing videos from Czech TV, Stream.cz, cztrailery.cz, STV.sk, ...

      For more informations (forum, bugreport, ...) see webpage http://xbmc-czech.sf.net/
    </description>
    <description lang="cs">
      Repositář rozšíření xbmc-czech.sf.net

      Tento repositář obsahuje pluginy pro české uživatele XBMC.

      Např. video pluginy pro přehrávání videí z České televize, Stream.cz, cztrailery.cz, Slovenské televize (STV.sk), ...

      Další informace (diskusní fórum, hlášení nalezených chyb, ...) naleznete na http://xbmc-czech.sf.net/
    </description>
    <platform>all</platform>
  </extension>
</addon>
