<?xml version="1.0" encoding="UTF-8" standalone="yes"?>
<addon id="repository.torrentrelease.info" name="TorrentRelease Repo" version="0.0.0.1" provider-name="TorrentRelease">
	<extension point="xbmc.addon.repository" name="TorrentRelease">
		<info compressed="false">http://kodi.torrentrelease.info/addons.xml</info>
		<checksum>http://kodi.torrentrelease.info/addons.xml.md5</checksum>
		<datadir zip="true">http://kodi.torrentrelease.info/addons</datadir>
	</extension>
	<extension point="xbmc.addon.metadata">
		<summary>Repo for TorrentRelease</summary>
		<description>Repo for TorrentRelease</description>
		<platform>all</platform>
		<broken>This repository is no longer available</broken>
	</extension>
</addon>
