<?xml version="1.0" encoding="UTF-8" standalone="yes"?>
<addon id="repository.fightnight" name="fightnight repository" version="0.0.0.1" provider-name="fightnight">
	<extension point="xbmc.addon.repository" name="fightnight">
		<info compressed="false">https://fightnightkodi.svn.codeplex.com/svn/addons/addons.xml</info>
		<checksum>https://fightnightkodi.svn.codeplex.com/svn/addons/addons.xml.md5</checksum>
		<datadir zip="true">https://fightnightkodi.svn.codeplex.com/svn/addons/</datadir>
	</extension>
	<extension point="xbmc.addon.metadata">
		<summary>Addons Portugueses para o Kodi.</summary>
		<description>Addons Portugueses para o Kodi.</description>
		<platform>all</platform>
	</extension>
</addon>

