<?xml version="1.0" encoding="UTF-8" standalone="yes"?>
<addon id="repository.kgontv" name="KGOnTV XBMC Add-ons" version="0.0.0.1" provider-name="delletenebre@gmail.com">
  <extension point="xbmc.addon.repository" name="KGOnTV XBMC Add-ons">
    <info compressed="true">http://xbmc-kg-ontv.googlecode.com/svn/trunk/addons.xml</info>
    <checksum>http://xbmc-kg-ontv.googlecode.com/svn/trunk/addons.xml.md5</checksum>
    <datadir zip="false">http://xbmc-kg-ontv.googlecode.com/svn/trunk</datadir>
  </extension>
  <extension point="xbmc.addon.metadata">
    <summary lang="en">Install Add-ons from KG OnTV Add-on Repository</summary>
    <description lang="en">Plug-ins for XBMC</description>
    <summary lang="ru">Дополнения из репозитория KG OnTV</summary>
    <description lang="ru">Программные дополнения для XBMC</description>
    <disclaimer>Представляем пользователям KG-интернета программные дополнения для XBMC</disclaimer>
    <platform>all</platform>
  </extension>
</addon>