<?xml version="1.0" encoding="UTF-8" standalone="yes"?>
<addon id="repository.giraffe" name="giraffe Kodi Add-ons" version="0.0.0.1" provider-name="weirdgiraffe">
	<extension point="xbmc.addon.repository" name="giraffe Kodi Add-ons">
			<info compressed="false">https://raw.githubusercontent.com/weirdgiraffe/kodi.addon.repo/master/addons/addons.xml</info>
			<checksum>https://raw.githubusercontent.com/weirdgiraffe/kodi.addon.repo/master/addons/addons.xml.md5</checksum>
			<datadir zip="true">https://raw.githubusercontent.com/weirdgiraffe/kodi.addon.repo/master/addons/</datadir>
	</extension>
	<extension point="xbmc.addon.metadata">
		<summary>repo to keep my addons up to date</summary>
		<description>Plug-ins for Kodi</description>
		<disclaimer>Some addons for Kodi</disclaimer>
		<platform>all</platform>
	</extension>
</addon>
<!-- vim:fenc=utf-8:ts=4
-->
