<?xml version="1.0" encoding="UTF-8" standalone="yes"?>
<addon id="repository.gade" name="Gade's Add-on Repository" version="0.0.0.1" provider-name="Gade">
	<requires>
		<import addon="xbmc.addon" version="12.0.0"/>
	</requires>
	<extension point="xbmc.addon.repository"
		name="Gade's Add-on Repository">
		<dir minversion="13.0.0">
			<info compressed="true">http://github.com/gade01/repository.gade/raw/master/gotham/addons.xml</info>
			<checksum>http://github.com/gade01/repository.gade/raw/master/gotham/addons.xml.md5</checksum>
			<datadir zip="true">http://github.com/gade01/repository.gade/raw/master/gotham</datadir>
			<hashes>true</hashes>
		</dir>
		<dir minversion="14.0.0">
			<info compressed="true">http://github.com/gade01/repository.gade/raw/master/helix/addons.xml</info>
			<checksum>http://github.com/gade01/repository.gade/raw/master/helix/addons.xml.md5</checksum>
			<datadir zip="true">http://github.com/gade01/repository.gade/raw/master/helix</datadir>
			<hashes>true</hashes>
		</dir>
		<dir minversion="15.0.0">
			<info compressed="true">http://github.com/gade01/repository.gade/raw/master/isengard/addons.xml</info>
			<checksum>http://github.com/gade01/repository.gade/raw/master/isengard/addons.xml.md5</checksum>
			<datadir zip="true">http://github.com/gade01/repository.gade/raw/master/isengard</datadir>
			<hashes>true</hashes>
		</dir>
		<dir minversion="15.9.0">
			<info compressed="true">http://github.com/gade01/repository.gade/raw/master/jarvis/addons.xml</info>
			<checksum>http://github.com/gade01/repository.gade/raw/master/jarvis/addons.xml.md5</checksum>
			<datadir zip="true">http://github.com/gade01/repository.gade/raw/master/jarvis</datadir>
			<hashes>true</hashes>
		</dir>
		<dir minversion="16.9.0">
			<info compressed="true">http://github.com/gade01/repository.gade/raw/master/krypton/addons.xml</info>
			<checksum>http://github.com/gade01/repository.gade/raw/master/krypton/addons.xml.md5</checksum>
			<datadir zip="true">http://github.com/gade01/repository.gade/raw/master/krypton</datadir>
			<hashes>true</hashes>
		</dir>
	</extension>
    <extension point="xbmc.addon.metadata">
        <summary lang="en">Gade's Add-on Repository</summary>
        <description lang="en">Get updates and follow development of the Rapier skin for XBMC/Kodi.</description>
        <platform>all</platform>
    </extension>
</addon>