<?xml version="1.0" encoding="UTF-8" standalone="yes"?>
<addon id="repository.torrentviewers" name="[COLOR green]Torrent[/COLOR] [COLOR FF005de5]Viewers[/COLOR] and Tools Repo" version="0.0.0.1" provider-name="iCanuck">
	<extension point="xbmc.addon.repository" name="Torrent Viewers and Tools Repository">
		<info>https://offshoregit.com/pulsarunofficial/Torrent-Viewers-Tools/addons.xml</info>
		<checksum>https://offshoregit.com/pulsarunofficial/Torrent-Viewers-Tools/addons.xml.md5</checksum>
		<datadir zip="true">https://offshoregit.com/pulsarunofficial/Torrent-Viewers-Tools/</datadir>
	</extension>
	<extension point="xbmc.addon.metadata">
		<summary>A Collection of Torrent Viewer/Tool Related Kodi Addons</summary>
		<description>A Collection of Torrent Viewer/Tool Related Kodi Addons</description>
		<disclaimer>The owners and submitters to this repository do not host or distribute any of the content displayed by these addons nor do they have any affiliation with the content providers.</disclaimer>
		<website>http://tvaddons.ag/</website>
		<forum>https://forums.tvaddons.ag/addon-releases/31572-pulsar-providers-unofficial-pulsar-repo.html</forum>
		<platform>all</platform>
		<license>GNU GENERAL PUBLIC LICENSE. Version 3, June 2007</license>
	</extension>
</addon>

