<?xml version="1.0" encoding="UTF-8" standalone="yes"?>
<addon id="script.tvportal.tools" name="TV Portal Tools" version="1.3" provider-name="whufclee (modded from original work by spoyser, DixieDean)">
  <requires>
    <import addon="xbmc.python" version="2.1.0"/>
    <import addon="script.module.requests" version="2.3.0"/>
  </requires>
  <extension point="xbmc.python.pluginsource" library="default.py">
        <provides>executable</provides>
  </extension>
  <extension point="xbmc.addon.metadata">
    <summary lang="en">Tools for use with TV Portal</summary>
    <description lang="en">Tools for use with the noobsandnerds addon TV Portal</description>
    <platform>all</platform>
    <language>en</language>
    <license>GNU GENERAL PUBLIC LICENSE. Version 2, June 1991</license>
    <forum>www.noobsandnerds.com/support</forum>
    <website>>www.noobsandnerds.com</website>
    <source></source>
    <email></email>
  </extension>
</addon>