<?xml version="1.0" encoding="UTF-8" standalone="yes"?>
<addon id="repository.persia" name="Persia Repo" version="1.0.3" provider-name="FTABoy">
<extension point="xbmc.addon.repository" name="Persia repo">
<info compressed="true">https://offshoregit.com/FTABoy/addons.xml</info>
<checksum>https://offshoregit.com/FTABoy/addons.xml.md5</checksum>
<datadir zip="true">https://offshoregit.com/FTABoy/</datadir>
</extension>
<extension point="xbmc.addon.metadata">
<summary>The Official Persia repository</summary>
<description>This repository contains addons created by FTABoy.</description>
<disclaimer>The owners and submitters to this repository do not host or distribute any of the content displayed by these addons nor do they have any affiliation with the content providers.</disclaimer>
<platform>all</platform>
</extension>
</addon>