<?xml version="1.0" encoding="UTF-8"?>
    <addon id="repository.dokinl" name="[B][COLOR lime]D[/COLOR]OKI[COLOR lime]TV[/COLOR].NL [COLOR lime]R[/COLOR]epository[/B]" version="0.0.0.1" provider-name="DOKITV.NL">
        <requires>
            <import addon="xbmc.addon" version="12.0.0"/>
        </requires>
        <extension point="xbmc.addon.repository" name="DOKITV.NL Repository">
            <info compressed="false">https://raw.githubusercontent.com/doki1/repo/master/addons.xml</info>
            <checksum>https://raw.githubusercontent.com/doki1/repo/master/addons.xml.md5</checksum>
            <datadir zip="true">https://raw.githubusercontent.com/doki1/repo/master/zips/</datadir>
            <hashes>false</hashes>
        </extension>
        <extension point="xbmc.addon.metadata">
            <summary>The Official DOKITV.NL repository</summary>
			<description>This repository contains all Repositorys for KODI.</description>
			<disclaimer>The owners and submitters to this repository do not host or distribute any of the content displayed by these addons nor do they have any affiliation with the content providers.</disclaimer>
            <platform>all</platform>
    </extension>
</addon>