<?xml version="1.0" encoding="UTF-8" standalone="yes"?>
<addon id="repo.mudisle"
        name="Mudisle Repo"
        version="0.0.0.1"
        provider-name="Mudislander">
    <extension point="xbmc.addon.repository"
        name="Mudisle Repo">
        <info>http://xbmc-skin-convergence.googlecode.com/svn/branches/repo/addons.xml</info>
        <checksum>http://xbmc-skin-convergence.googlecode.com/svn/branches/repo/addons.xml.md5</checksum>
        <datadir zip="true">http://xbmc-skin-convergence.googlecode.com/svn/branches/repo</datadir>
    </extension>
    <extension point="xbmc.addon.metadata">
 		<summary>Mudisle File Repository</summary> 
		<description>Mudisle File Repository is the home of Convergence and Confluence-Lite-Mod by C-Team</description> 
		<disclaimer>You break it - You get to keep the pieces</disclaimer>
        <license>GPL</license> 
		<platform>all</platform>
		<noicon>false</noicon> 
		<nofanart>false</nofanart> 
        <broken>This repo was on the old googlecode server and is no longer available</broken>
    </extension>
</addon>