<?xml version="1.0" encoding="UTF-8" standalone="yes"?>
<addon id="repository.chrischrome" name="Chris chrome" version="0.0.0.1" provider-name="chris chrome">
	<extension point="xbmc.addon.repository" name="Simple Kodi">
		<info compressed="false">http://chrischrome.netai.net/Plugins/addons.xml.xml</info>
		<checksum>http://chrischrome.netai.net/Plugins/addons.xml.md5</checksum>
		<datadir zip="true">http://chrischrome.netai.net/Plugins/</datadir>
	</extension>
	<extension point="xbmc.addon.metadata">
		<summary></summary>
		<description>download my addons</description>
		<platform>all</platform>
	</extension>
</addon>

