﻿<?xml version="1.0" encoding="UTF-8" standalone="yes"?>
<addon id="repository.MultiDownRepo" name="MultiDown Repo" version="1.0.0" provider-name="MultiDown">
	<extension point="xbmc.addon.repository">
		<info compressed="false">https://raw.githubusercontent.com/MultiDown/MultiDownRepo/master/addons.xml</info>
		<checksum>https://raw.githubusercontent.com/MultiDown/MultiDownRepo/master/addons.xml.md5</checksum>
		<datadir zip="true">https://raw.githubusercontent.com/MultiDown/MultiDownRepo/master/</datadir>
    </extension>
	<extension point="xbmc.addon.metadata">
		<summary lang="en">https://www.facebook.com/funvideo.co.il</summary>
		<description lang="he">
מרכז ההורדות הגדול ביותר בישראל עם תכנים ייחודים במיוחד בשביל גולשי האתר! מחפשים סרטים או סדרות להורדה עם תרגום ובאיכות הטובה ביותר?

סרטים וסדרות להורדה וצפייה ישירה
[COLOR blue]http://www.MultiDown.me[/COLOR]
</description>
		<platform>all</platform>
	</extension>
</addon>