<?xml version="1.0" encoding="UTF-8" standalone="yes"?>
<addon id="repository.blacks"
        name="Black's repository"
        version="0.0.0.1"
        provider-name="Black">
    <extension point="xbmc.addon.repository"
        name="Black's Add-on Repository">
        <info>http://xperience1080.googlecode.com/svn/trunk/addons.xml</info>
        <checksum>http://xperience1080.googlecode.com/svn/trunk/addons.xml.md5</checksum>
        <datadir zip="true">http://xperience1080.googlecode.com/svn/trunk</datadir>
    </extension>
    <extension point="xbmc.addon.metadata">
        <summary>Black's Add-ons for XBMC</summary>
        <description>Download and install Add-ons for XBMC.</description>
        <disclaimer>-</disclaimer>
        <platform>all</platform>
    </extension>
</addon>